"Player","EH_ID","Season","Team","Position","Shoots","Birthday","Age","GP","TOI","TOI/GP","TOI%","OZS","NZS","DZS","OTF","OZF","NZF","DZF","Ice_F","Ice_A"
"Aaron Ekblad","AARON.EKBLAD","14-15","FLA","D","R",1996-02-07,18,49,78.48,1.6,44.08,18,15,8,43,32,29,14,1,4
"Aaron Ward","AARON.WARD","07-08","BOS","D","R",1973-01-17,34,39,53.45,1.37,38.08,4,19,6,42,13,29,11,0,0
"Adam Foote","ADAM.FOOTE","07-08","CBJ","D","R",1971-07-10,36,48,65.02,1.35,45.87,5,28,19,38,15,39,30,0,0
"Adrian Aucoin","ADRIAN.AUCOIN","07-08","CGY","D","R",1973-07-03,34,55,51.52,0.94,38.97,8,27,7,34,19,36,11,0,0
"Adrian Aucoin","ADRIAN.AUCOIN","08-09","CGY","D","R",1973-07-03,35,53,51.02,0.96,39.29,18,20,17,29,24,23,25,0,1
"Adrian Aucoin","ADRIAN.AUCOIN","09-10","ARI","D","R",1973-07-03,36,58,57.08,0.98,30.95,16,12,15,50,23,17,19,0,2
"Aleksander Barkov","ALEKSANDER.BARKOV","14-15","FLA","C","L",1995-09-02,19,44,57,1.3,34.12,12,16,6,49,16,20,14,4,1
"Ales Hemsky","ALES.HEMSKY","07-08","EDM","R","R",1983-08-13,24,52,56.65,1.09,33.93,5,32,11,34,12,39,13,2,0
"Alex Edler","ALEX.EDLER","07-08","VAN","D","L",1986-04-21,21,59,84.48,1.43,43.43,13,24,20,59,35,32,31,1,2
"Alex Edler","ALEX.EDLER","08-09","VAN","D","L",1986-04-21,22,54,70.93,1.31,44.76,12,18,21,47,29,23,39,0,1
"Alex Edler","ALEX.EDLER","09-10","VAN","D","L",1986-04-21,23,47,68.03,1.45,48.67,17,25,7,33,40,35,21,0,1
"Alex Edler","ALEX.EDLER","11-12","VAN","D","L",1986-04-21,25,59,87.17,1.48,45.28,31,28,8,58,51,39,21,1,3
"Alex Edler","ALEX.EDLER","13-14","VAN","D","L",1986-04-21,27,45,59.68,1.33,44.93,17,19,11,36,31,25,16,1,1
"Alex Goligoski","ALEX.GOLIGOSKI","09-10","PIT","D","L",1985-07-30,24,49,65.12,1.33,40.3,17,20,15,37,32,27,25,2,2
"Alex Goligoski","ALEX.GOLIGOSKI","10-11","PIT","D","L",1985-07-30,25,45,57.47,1.28,43.85,19,13,9,31,28,17,16,1,0
"Alex Goligoski","ALEX.GOLIGOSKI","11-12","DAL","D","L",1985-07-30,26,51,65.28,1.28,45.97,13,17,15,35,22,24,25,2,3
"Alex Goligoski","ALEX.GOLIGOSKI","13-14","DAL","D","L",1985-07-30,28,55,73.63,1.34,47.68,12,32,13,33,32,43,28,0,1
"Alex Goligoski","ALEX.GOLIGOSKI","14-15","DAL","D","L",1985-07-30,29,54,60.37,1.12,48.4,15,21,27,20,34,25,38,2,2
"Alex Kovalev","ALEX.KOVALEV","07-08","MTL","R","L",1973-02-24,34,57,62.45,1.1,35.47,15,22,15,22,19,30,22,2,0
"Alex Kovalev","ALEX.KOVALEV","08-09","MTL","R","L",1973-02-24,35,56,56.93,1.02,33.77,17,15,10,26,30,20,21,1,0
"Alex Ovechkin","ALEX.OVECHKIN","07-08","WSH","L","R",1985-09-17,21,55,54.63,0.99,42.11,10,24,8,25,16,32,11,0,1
"Alex Ovechkin","ALEX.OVECHKIN","08-09","WSH","L","R",1985-09-17,22,58,56.77,0.98,38.51,19,19,5,33,32,27,14,0,3
"Alex Ovechkin","ALEX.OVECHKIN","13-14","WSH","L","R",1985-09-17,27,58,51.98,0.9,30.43,15,12,9,42,22,14,11,1,2
"Alex Ovechkin","ALEX.OVECHKIN","14-15","WSH","L","R",1985-09-17,28,58,72.4,1.25,40.42,18,39,6,21,30,42,15,2,4
"Alex Pietrangelo","ALEX.PIETRANGELO","11-12","STL","D","R",1990-01-18,21,57,87.2,1.53,46.83,16,33,20,52,43,41,33,3,3
"Alex Pietrangelo","ALEX.PIETRANGELO","13-14","STL","D","R",1990-01-18,23,55,84.55,1.54,49.99,13,32,19,45,33,43,30,1,4
"Alex Pietrangelo","ALEX.PIETRANGELO","14-15","STL","D","R",1990-01-18,24,52,77.9,1.5,48.87,20,29,21,32,31,39,29,1,2
"Alex Steen","ALEX.STEEN","14-15","STL","L","L",1984-03-01,30,47,51.45,1.09,34.74,15,31,14,22,20,34,22,2,1
"Andrei Markov","ANDREI.MARKOV","07-08","MTL","D","L",1978-12-20,28,57,71.93,1.26,40.86,16,27,15,36,26,38,28,3,3
"Andrei Markov","ANDREI.MARKOV","08-09","MTL","D","L",1978-12-20,29,56,73.2,1.31,43.04,23,29,11,32,38,38,32,2,0
"Andrei Markov","ANDREI.MARKOV","13-14","MTL","D","L",1978-12-20,34,49,69.92,1.43,47.95,14,25,8,46,25,38,16,1,0
"Andrei Markov","ANDREI.MARKOV","14-15","MTL","D","L",1978-12-20,35,56,79.83,1.43,47.73,17,29,17,35,31,39,28,5,1
"Andrej Meszaros","ANDREJ.MESZAROS","07-08","OTT","D","L",1985-10-13,21,57,61.13,1.07,40.91,15,19,11,35,28,25,17,1,1
"Andrej Meszaros","ANDREJ.MESZAROS","09-10","T.B","D","L",1985-10-13,23,57,70.38,1.23,41.21,12,27,18,48,24,32,27,1,0
"Andrej Meszaros","ANDREJ.MESZAROS","10-11","PHI","D","L",1985-10-13,24,52,52.88,1.02,40.41,11,16,7,42,23,21,18,1,2
"Andrej Sekera","ANDREJ.SEKERA","08-09","BUF","D","L",1986-06-08,22,53,55.87,1.05,38.22,8,13,16,41,20,19,22,0,0
"Andrej Sekera","ANDREJ.SEKERA","10-11","BUF","D","L",1986-06-08,24,59,64.07,1.09,41.6,9,17,10,48,22,21,21,3,1
"Andrej Sekera","ANDREJ.SEKERA","11-12","BUF","D","L",1986-06-08,25,45,56.83,1.26,41.9,3,18,27,38,12,25,35,2,3
"Andrej Sekera","ANDREJ.SEKERA","13-14","CAR","D","L",1986-06-08,27,53,53.87,1.02,42.71,17,20,13,31,28,27,20,2,1
"Andrew Ference","ANDREW.FERENCE","07-08","BOS","D","L",1979-03-17,28,37,54.03,1.46,41.52,2,30,9,36,10,46,9,0,1
"Andrew Ladd","ANDREW.LADD","10-11","ATL","L","L",1985-12-12,24,60,56.7,0.94,36.3,18,27,18,33,24,32,20,2,0
"Andrew Ladd","ANDREW.LADD","13-14","WPG","L","L",1985-12-12,27,54,56.37,1.04,34.29,6,32,15,26,17,38,23,2,3
"Andrew Ladd","ANDREW.LADD","14-15","WPG","L","L",1985-12-12,28,54,57.02,1.06,36.4,11,32,10,27,17,42,17,1,2
"Andrew MacDonald","ANDREW.MACDONALD","10-11","NYI","D","L",1986-09-07,24,43,56.68,1.32,46.07,9,18,11,30,17,26,18,0,1
"Andrew MacDonald","ANDREW.MACDONALD","11-12","NYI","D","L",1986-09-07,25,50,62.97,1.26,49.74,8,27,20,23,20,29,34,8,0
"Andrew MacDonald","ANDREW.MACDONALD","13-14","NYI","D","L",1986-09-07,27,39,53.03,1.36,44.42,6,13,17,28,18,19,28,1,1
"Andy Greene","ANDY.GREENE","09-10","N.J","D","L",1982-10-30,26,45,53.95,1.2,42.34,20,13,9,46,29,15,15,1,1
"Andy Greene","ANDY.GREENE","13-14","N.J","D","L",1982-10-30,30,51,63.2,1.24,47.55,6,21,15,44,14,27,27,4,2
"Andy Greene","ANDY.GREENE","14-15","N.J","D","L",1982-10-30,31,46,61.85,1.34,45.5,7,23,18,26,16,27,21,0,1
"Andy McDonald","ANDY.MCDONALD","09-10","STL","C","L",1977-08-25,32,57,52.77,0.93,33.36,20,13,11,34,27,16,19,1,2
"Andy Sutton","ANDY.SUTTON","09-10","NYI","D","L",1975-03-10,34,38,52.73,1.39,39.29,13,17,15,24,18,20,26,2,1
"Antoine Vermette","ANTOINE.VERMETTE","09-10","CBJ","C","L",1982-07-20,27,54,55.6,1.03,37.55,19,25,17,25,25,30,24,0,1
"Antoine Vermette","ANTOINE.VERMETTE","10-11","CBJ","C","L",1982-07-20,28,61,69.28,1.14,36.28,16,29,16,41,24,35,20,1,1
"Anton Stralman","ANTON.STRALMAN","09-10","CBJ","D","R",1986-08-01,23,51,50.48,0.99,35.15,16,9,16,41,27,13,24,2,1
"Anton Stralman","ANTON.STRALMAN","14-15","T.B","D","R",1986-08-01,28,50,56.7,1.13,42.35,9,20,13,30,23,25,26,0,1
"Anton Volchenkov","ANTON.VOLCHENKOV","07-08","OTT","D","L",1982-02-25,25,47,50.73,1.08,38.91,9,19,6,31,20,28,12,0,0
"Anze Kopitar","ANZE.KOPITAR","08-09","L.A","C","L",1987-08-24,21,58,64.42,1.11,38.12,24,20,21,36,34,24,29,0,2
"Anze Kopitar","ANZE.KOPITAR","09-10","L.A","C","L",1987-08-24,22,53,65.78,1.24,36.75,18,24,13,38,30,32,24,1,2
"Anze Kopitar","ANZE.KOPITAR","11-12","L.A","C","L",1987-08-24,24,54,61.48,1.14,35.92,8,20,19,37,14,24,23,0,2
"Anze Kopitar","ANZE.KOPITAR","13-14","L.A","C","L",1987-08-24,26,55,61.32,1.11,41.81,13,28,12,33,23,33,24,2,0
"Barret Jackman","BARRET.JACKMAN","07-08","STL","D","L",1981-03-05,26,56,66.55,1.19,44.36,8,27,13,38,19,33,21,0,2
"Barret Jackman","BARRET.JACKMAN","08-09","STL","D","L",1981-03-05,27,62,84.32,1.36,49.61,13,26,37,45,30,33,49,2,1
"Barret Jackman","BARRET.JACKMAN","09-10","STL","D","L",1981-03-05,28,48,60.13,1.25,45.45,8,20,16,42,17,28,31,2,2
"Barret Jackman","BARRET.JACKMAN","11-12","STL","D","L",1981-03-05,30,57,58.92,1.03,31.71,8,21,27,40,14,29,27,0,1
"Ben Lovejoy","BEN.LOVEJOY","13-14","ANA","D","R",1984-02-20,29,54,59.48,1.1,41.99,15,19,14,32,26,26,26,2,2
"Blake Wheeler","BLAKE.WHEELER","13-14","WPG","R","R",1986-08-31,27,57,58.57,1.03,33.61,28,12,6,40,37,18,11,0,0
"Blake Wheeler","BLAKE.WHEELER","14-15","WPG","R","R",1986-08-31,28,52,51.35,0.99,33.58,12,10,15,42,19,18,26,4,1
"Bobby Ryan","BOBBY.RYAN","14-15","OTT","R","R",1987-03-17,27,51,51.42,1.01,28.94,20,10,11,31,26,13,17,0,1
"Brad Boyes","BRAD.BOYES","08-09","STL","R","R",1982-04-17,26,62,51.98,0.84,30.59,27,12,10,45,32,19,12,1,2
"Brad Richards","BRAD.RICHARDS","09-10","DAL","C","L",1980-05-02,29,51,58.13,1.14,36.88,13,19,8,35,20,25,17,0,1
"Brad Richards","BRAD.RICHARDS","10-11","DAL","C","L",1980-05-02,30,42,51.18,1.22,37.95,11,18,8,25,14,20,10,0,1
"Brad Richards","BRAD.RICHARDS","11-12","NYR","C","L",1980-05-02,31,53,57.6,1.09,37.26,13,17,10,32,19,20,11,0,2
"Brad Stuart","BRAD.STUART","08-09","DET","D","L",1979-11-06,28,42,53.87,1.28,43.68,15,16,9,37,30,22,13,0,1
"Brad Stuart","BRAD.STUART","09-10","DET","D","L",1979-11-06,29,55,69.43,1.26,41.77,16,10,14,66,27,16,21,1,2
"Brad Stuart","BRAD.STUART","11-12","DET","D","L",1979-11-06,31,48,55.12,1.15,39.29,8,19,14,41,16,22,22,2,0
"Braydon Coburn","BRAYDON.COBURN","07-08","PHI","D","L",1985-02-27,22,63,75.27,1.19,38.36,13,38,17,56,23,53,23,1,3
"Braydon Coburn","BRAYDON.COBURN","08-09","PHI","D","L",1985-02-27,23,64,90.35,1.41,47.03,17,23,26,58,34,45,40,2,3
"Braydon Coburn","BRAYDON.COBURN","09-10","PHI","D","L",1985-02-27,24,58,70.43,1.21,41.81,21,10,22,42,35,21,37,2,2
"Braydon Coburn","BRAYDON.COBURN","10-11","PHI","D","L",1985-02-27,25,53,58.3,1.1,43.91,11,16,21,38,22,23,33,1,0
"Braydon Coburn","BRAYDON.COBURN","11-12","PHI","D","L",1985-02-27,26,58,69.1,1.19,39.93,16,19,13,49,26,28,25,2,3
"Braydon Coburn","BRAYDON.COBURN","13-14","PHI","D","L",1985-02-27,28,52,63.6,1.22,43.62,12,31,28,35,22,38,36,0,3
"Brenden Dillon","BRENDEN.DILLON","13-14","DAL","D","L",1990-11-13,22,54,59.47,1.1,38.94,4,15,22,35,14,22,24,0,0
"Brent Burns","BRENT.BURNS","07-08","MIN","D","R",1985-03-09,22,63,74.27,1.18,45.02,15,19,15,59,21,30,19,1,2
"Brent Burns","BRENT.BURNS","10-11","MIN","D","R",1985-03-09,25,47,65.95,1.4,48.19,16,20,16,46,31,30,22,1,0
"Brent Burns","BRENT.BURNS","11-12","S.J","D","R",1985-03-09,26,49,57.92,1.18,37.71,7,10,13,55,18,17,18,1,1
"Brent Burns","BRENT.BURNS","14-15","S.J","D","R",1985-03-09,29,46,51.25,1.11,41.56,11,14,15,34,27,18,25,2,2
"Brent Seabrook","BRENT.SEABROOK","07-08","CHI","D","R",1985-04-20,22,68,64.7,0.95,40.26,9,29,18,22,23,45,25,0,0
"Brent Seabrook","BRENT.SEABROOK","08-09","CHI","D","R",1985-04-20,23,52,64.82,1.25,46.52,13,18,20,34,22,28,31,2,1
"Brent Seabrook","BRENT.SEABROOK","09-10","CHI","D","R",1985-04-20,24,58,86.58,1.49,50.8,18,31,19,48,31,46,32,2,0
"Brent Seabrook","BRENT.SEABROOK","11-12","CHI","D","R",1985-04-20,26,42,64.92,1.55,48.08,9,25,12,46,17,34,17,0,0
"Brent Seabrook","BRENT.SEABROOK","13-14","CHI","D","R",1985-04-20,28,55,64.68,1.18,47.12,15,18,11,45,34,22,13,0,3
"Brent Seabrook","BRENT.SEABROOK","14-15","CHI","D","R",1985-04-20,29,44,62.95,1.43,46.68,13,28,10,28,32,36,14,1,1
"Bret Hedican","BRET.HEDICAN","07-08","CAR","D","L",1970-08-10,37,46,53.2,1.16,47.28,10,27,11,29,17,37,17,0,0
"Brett Clark","BRETT.CLARK","10-11","T.B","D","L",1976-12-23,33,56,58.32,1.04,33.57,17,22,20,37,25,28,32,2,1
"Brian Campbell","BRIAN.CAMPBELL","07-08","BUF","D","L",1979-05-23,28,41,63.32,1.54,52.12,11,14,10,39,18,24,18,0,0
"Brian Campbell","BRIAN.CAMPBELL","08-09","CHI","D","L",1979-05-23,29,52,66.18,1.27,47.5,23,20,9,36,30,23,22,0,1
"Brian Campbell","BRIAN.CAMPBELL","09-10","CHI","D","L",1979-05-23,30,52,68.47,1.32,43.97,14,11,13,51,33,17,20,1,3
"Brian Campbell","BRIAN.CAMPBELL","11-12","FLA","D","L",1979-05-23,32,49,90.95,1.86,58.68,12,25,11,51,30,31,27,0,1
"Brian Campbell","BRIAN.CAMPBELL","13-14","FLA","D","L",1979-05-23,34,43,76.65,1.78,59.87,14,23,11,40,29,39,25,1,0
"Brian Campbell","BRIAN.CAMPBELL","14-15","FLA","D","L",1979-05-23,35,50,81.65,1.63,43.66,20,18,7,45,34,36,17,1,3
"Brian Gionta","BRIAN.GIONTA","09-10","MTL","R","R",1979-01-18,30,43,52.98,1.23,38.58,13,21,11,29,24,27,17,2,1
"Brian Gionta","BRIAN.GIONTA","10-11","MTL","R","R",1979-01-18,31,52,56.58,1.09,41.34,12,14,10,26,22,23,24,0,1
"Brian Gionta","BRIAN.GIONTA","13-14","MTL","R","R",1979-01-18,34,50,52.37,1.05,35.74,6,26,14,26,12,30,16,1,2
"Brian Rafalski","BRIAN.RAFALSKI","07-08","DET","D","R",1973-09-28,33,54,69.67,1.29,51.74,18,41,9,25,29,55,13,1,1
"Brian Rafalski","BRIAN.RAFALSKI","08-09","DET","D","R",1973-09-28,34,49,69.37,1.42,48.82,15,26,14,39,30,36,26,0,1
"Brian Rafalski","BRIAN.RAFALSKI","09-10","DET","D","R",1973-09-28,35,52,81.25,1.56,52.57,20,27,19,47,35,37,29,1,0
"Brooks Orpik","BROOKS.ORPIK","08-09","PIT","D","L",1980-09-26,27,57,69.65,1.22,39.14,6,24,23,42,17,33,33,1,0
"Brooks Orpik","BROOKS.ORPIK","09-10","PIT","D","L",1980-09-26,28,50,65.12,1.3,39.4,20,24,14,29,31,30,17,0,4
"Brooks Orpik","BROOKS.ORPIK","11-12","PIT","D","L",1980-09-26,30,49,61.27,1.25,45.41,11,20,22,24,19,24,34,0,1
"Brooks Orpik","BROOKS.ORPIK","14-15","WSH","D","L",1980-09-26,33,57,66.47,1.17,38.17,11,24,17,25,24,34,21,3,1
"Bryan Little","BRYAN.LITTLE","08-09","ATL","C","R",1987-11-12,20,51,53.08,1.04,34.42,18,23,10,19,19,28,18,3,0
"Bryan Little","BRYAN.LITTLE","10-11","ATL","R","R",1987-11-12,22,58,52.28,0.9,35.82,19,27,15,23,26,32,23,3,1
"Bryan Little","BRYAN.LITTLE","13-14","WPG","C/R","R",1987-11-12,25,57,59.92,1.05,34.39,4,34,18,30,15,42,27,2,3
"Bryan Little","BRYAN.LITTLE","14-15","WPG","C","R",1987-11-12,26,47,50.53,1.08,37.62,12,30,10,21,18,39,18,2,2
"Bryan McCabe","BRYAN.MCCABE","09-10","FLA","D","L",1975-06-08,34,53,63.55,1.2,41.23,19,18,18,41,36,22,30,2,2
"Cam Fowler","CAM.FOWLER","10-11","ANA","D","L",1991-12-05,18,44,64.37,1.46,47.55,15,14,6,51,26,23,7,0,2
"Cam Fowler","CAM.FOWLER","11-12","ANA","D","L",1991-12-05,19,47,62.77,1.34,55.64,16,16,8,29,26,25,21,0,1
"Cam Fowler","CAM.FOWLER","13-14","ANA","D","L",1991-12-05,21,48,57.67,1.2,46.46,14,18,14,31,26,24,27,3,1
"Cam Fowler","CAM.FOWLER","14-15","ANA","D","L",1991-12-05,22,50,54.43,1.09,39.82,11,18,16,28,29,24,25,2,5
"Carl Gunnarsson","CARL.GUNNARSSON","13-14","TOR","D","L",1986-11-09,26,52,59.22,1.14,38,11,29,30,26,20,32,38,0,0
"Carl Soderberg","CARL.SODERBERG","14-15","BOS","C","L",1985-10-12,28,52,52.55,1.01,33.6,13,18,3,38,20,20,11,2,4
"Carlo Colaiacovo","CARLO.COLAIACOVO","11-12","STL","D","L",1983-01-27,28,43,50.85,1.18,35.19,12,15,13,38,29,20,22,2,2
"Chris Butler","CHRIS.BUTLER","11-12","CGY","D","L",1986-10-27,24,42,58.58,1.39,49.15,11,20,20,32,20,27,30,0,0
"Chris Campoli","CHRIS.CAMPOLI","09-10","OTT","D","L",1984-07-09,25,48,51.97,1.08,42.13,19,11,11,27,29,18,14,2,1
"Chris Drury","CHRIS.DRURY","07-08","NYR","C","R",1976-08-20,31,62,50.05,0.81,29.26,14,18,11,42,18,23,17,2,0
"Chris Drury","CHRIS.DRURY","08-09","NYR","C","R",1976-08-20,32,60,66.22,1.1,35.11,28,18,17,44,37,20,25,1,1
"Chris Higgins","CHRIS.HIGGINS","07-08","MTL","C/L","L",1983-06-02,24,57,50.42,0.88,28.64,16,19,7,27,23,29,11,2,1
"Chris Higgins","CHRIS.HIGGINS","13-14","VAN","L","L",1983-06-02,30,52,50.18,0.96,30.44,14,18,10,40,19,23,14,0,1
"Chris Kunitz","CHRIS.KUNITZ","07-08","ANA","L","L",1979-09-26,27,65,57.73,0.89,28.29,16,19,8,49,27,26,11,0,1
"Chris Phillips","CHRIS.PHILLIPS","07-08","OTT","D","L",1978-03-09,29,57,62.38,1.09,41.75,17,24,12,40,26,33,16,0,0
"Chris Phillips","CHRIS.PHILLIPS","08-09","OTT","D","L",1978-03-09,30,54,63.22,1.17,42.35,11,12,25,43,30,19,32,1,1
"Chris Phillips","CHRIS.PHILLIPS","09-10","OTT","D","L",1978-03-09,31,56,63.1,1.13,42.28,11,26,22,31,18,32,34,0,0
"Chris Phillips","CHRIS.PHILLIPS","10-11","OTT","D","L",1978-03-09,32,50,55.8,1.12,44.02,7,23,16,27,17,31,18,0,1
"Chris Phillips","CHRIS.PHILLIPS","13-14","OTT","D","L",1978-03-09,35,58,51.48,0.89,32.06,17,12,17,28,23,18,21,0,2
"Chris Pronger","CHRIS.PRONGER","07-08","ANA","D","L",1974-10-10,32,58,72.72,1.25,39.55,12,18,8,47,31,38,18,0,1
"Chris Pronger","CHRIS.PRONGER","08-09","ANA","D","L",1974-10-10,33,48,64.15,1.34,46.77,15,20,10,36,31,30,21,3,1
"Chris Pronger","CHRIS.PRONGER","09-10","PHI","D","L",1974-10-10,34,59,78.4,1.33,45.63,17,18,23,52,31,31,37,2,1
"Chris Tanev","CHRIS.TANEV","13-14","VAN","D","R",1989-12-20,23,45,56.28,1.25,37.63,15,27,19,28,25,28,22,1,2
"Christian Ehrhoff","CHRISTIAN.EHRHOFF","07-08","S.J","D","L",1982-07-06,25,56,72.85,1.3,44.02,9,32,12,52,20,40,23,3,0
"Christian Ehrhoff","CHRISTIAN.EHRHOFF","08-09","S.J","D","L",1982-07-06,26,55,69.03,1.26,43.54,14,16,15,46,25,30,25,2,0
"Christian Ehrhoff","CHRISTIAN.EHRHOFF","09-10","VAN","D","L",1982-07-06,27,50,59.1,1.18,41.8,17,14,14,37,30,22,21,0,3
"Christian Ehrhoff","CHRISTIAN.EHRHOFF","11-12","BUF","D","L",1982-07-06,29,42,57.58,1.37,44.15,8,11,12,44,23,21,24,3,2
"Christian Ehrhoff","CHRISTIAN.EHRHOFF","12-13","BUF","D","L",1982-07-06,30,34,53.25,1.57,47.49,11,14,11,31,23,25,18,0,2
"Clarke MacArthur","CLARKE.MACARTHUR","13-14","OTT","L","L",1985-04-06,28,62,51.92,0.84,28.32,11,27,17,29,20,30,20,0,1
"Claude Giroux","CLAUDE.GIROUX","11-12","PHI","R","R",1988-01-12,23,55,57.98,1.05,34.78,13,28,13,30,23,31,23,1,1
"Claude Giroux","CLAUDE.GIROUX","13-14","PHI","R","R",1988-01-12,25,52,56.9,1.09,39.03,27,13,17,31,36,21,23,0,2
"Claude Giroux","CLAUDE.GIROUX","14-15","PHI","R","R",1988-01-12,26,49,65.52,1.34,43.17,21,25,15,28,35,28,21,0,2
"Cody Ceci","CODY.CECI","14-15","OTT","D","R",1993-12-21,20,54,77.9,1.44,41.03,14,10,22,57,27,17,33,0,0
"Colin White","COLIN.WHITE","09-10","N.J","D","L",1977-12-12,31,46,50.82,1.1,38.26,6,19,25,47,13,21,27,0,1
"Corey Perry","COREY.PERRY","09-10","ANA","R","R",1985-05-16,24,50,53.77,1.08,34.03,11,19,9,34,15,23,14,2,0
"Corey Perry","COREY.PERRY","10-11","ANA","R","R",1985-05-16,25,48,52.33,1.09,37.4,10,20,8,32,15,24,15,2,0
"Corey Perry","COREY.PERRY","13-14","ANA","R","R",1985-05-16,28,55,50.48,0.92,35.27,15,20,8,25,20,25,15,3,0
"Craig Rivet","CRAIG.RIVET","07-08","S.J","D","R",1974-09-13,33,55,55.78,1.01,35.05,10,25,7,46,15,33,13,2,0
"Dan Boyle","DAN.BOYLE","08-09","S.J","D","R",1976-07-12,32,55,79,1.44,48.33,14,23,15,46,35,34,25,0,1
"Dan Boyle","DAN.BOYLE","09-10","S.J","D","R",1976-07-12,33,51,77.28,1.52,45.9,11,18,14,55,37,33,28,0,2
"Dan Boyle","DAN.BOYLE","10-11","S.J","D","R",1976-07-12,34,41,50.63,1.23,42.11,8,14,9,33,22,19,19,1,0
"Dan Boyle","DAN.BOYLE","11-12","S.J","D","R",1976-07-12,35,49,71.5,1.46,46.75,13,31,14,47,22,38,24,0,2
"Dan Boyle","DAN.BOYLE","13-14","S.J","D","R",1976-07-12,37,45,50.97,1.13,34.27,17,9,7,37,21,17,20,4,0
"Dan Girardi","DAN.GIRARDI","07-08","NYR","D","R",1984-04-29,23,62,67.02,1.08,39.18,7,32,15,45,17,44,18,1,0
"Dan Girardi","DAN.GIRARDI","08-09","NYR","D","R",1984-04-29,24,60,73.9,1.23,39.18,26,20,25,42,44,24,30,1,1
"Dan Girardi","DAN.GIRARDI","09-10","NYR","D","R",1984-04-29,25,56,59.73,1.07,38.26,13,21,26,40,18,23,34,0,0
"Dan Girardi","DAN.GIRARDI","10-11","NYR","D","R",1984-04-29,26,47,58.52,1.25,45.27,7,26,13,44,15,35,23,1,2
"Dan Girardi","DAN.GIRARDI","11-12","NYR","D","R",1984-04-29,27,53,82.72,1.56,53.51,12,31,17,38,31,41,36,2,3
"Dan Girardi","DAN.GIRARDI","13-14","NYR","D","R",1984-04-29,29,54,59.27,1.1,44.24,16,22,19,28,34,27,35,0,1
"Dan Girardi","DAN.GIRARDI","14-15","NYR","D","R",1984-04-29,30,45,52.15,1.16,43.56,6,23,13,27,12,29,18,2,1
"Dan Hamhuis","DAN.HAMHUIS","07-08","NSH","D","L",1982-12-13,24,58,58.55,1.01,39.09,7,25,14,32,21,37,22,1,0
"Dan Hamhuis","DAN.HAMHUIS","08-09","NSH","D","L",1982-12-13,25,51,56,1.1,40.54,8,25,19,27,20,31,24,1,0
"Dan Hamhuis","DAN.HAMHUIS","09-10","NSH","D","L",1982-12-13,26,52,52.87,1.02,41.3,10,16,16,29,22,22,24,1,2
"Dan Hamhuis","DAN.HAMHUIS","11-12","VAN","D","L",1982-12-13,28,59,87,1.47,45.19,19,25,21,46,37,33,29,1,3
"Dan Hamhuis","DAN.HAMHUIS","13-14","VAN","D","L",1982-12-13,30,54,74.53,1.38,44.1,17,34,24,33,34,36,29,1,2
"Daniel Briere","DANIEL.BRIERE","07-08","PHI","C","R",1977-10-06,29,64,61.1,0.95,31.81,22,28,8,33,28,38,14,0,2
"Daniel Briere","DANIEL.BRIERE","11-12","PHI","C","R",1977-10-06,33,51,51.15,1,32.96,18,9,15,28,24,13,18,0,2
"Daniel Sedin","DANIEL.SEDIN","07-08","VAN","L","L",1980-09-26,26,60,77.35,1.29,38.9,21,40,17,37,32,48,24,1,2
"Daniel Sedin","DANIEL.SEDIN","08-09","VAN","L","L",1980-09-26,27,56,58.82,1.05,35.79,26,22,13,28,37,25,26,1,2
"Daniel Sedin","DANIEL.SEDIN","09-10","VAN","L","L",1980-09-26,28,43,52.2,1.21,40.59,30,23,12,16,38,31,17,0,2
"Daniel Sedin","DANIEL.SEDIN","11-12","VAN","L","L",1980-09-26,30,50,55.53,1.11,33.86,19,23,4,28,28,30,7,0,4
"Daniel Sedin","DANIEL.SEDIN","13-14","VAN","L","L",1980-09-26,32,50,64.88,1.3,43.46,28,26,8,21,38,35,12,0,1
"Daniel Sedin","DANIEL.SEDIN","14-15","VAN","L","L",1980-09-26,33,47,52.27,1.11,40.61,12,24,14,22,16,27,19,1,2
"Danny Dekeyser","DANNY.DEKEYSER","13-14","DET","D","L",1990-03-07,23,51,59.1,1.16,42.65,9,14,16,40,18,25,23,2,2
"Danny Dekeyser","DANNY.DEKEYSER","14-15","DET","D","L",1990-03-07,24,52,66.35,1.28,40.18,12,15,23,51,26,21,30,2,1
"Dany Heatley","DANY.HEATLEY","07-08","OTT","L/R","L",1981-01-21,26,51,52.45,1.03,37.47,16,19,8,31,23,24,11,1,0
"Dany Heatley","DANY.HEATLEY","08-09","OTT","L","L",1981-01-21,27,54,53.27,0.99,35.69,17,11,4,33,27,16,9,0,2
"Dany Heatley","DANY.HEATLEY","09-10","S.J","L","L",1981-01-21,28,55,52.8,0.96,30.04,15,15,7,46,25,22,11,0,1
"Dany Heatley","DANY.HEATLEY","11-12","MIN","L","L",1981-01-21,30,57,75.08,1.32,39.4,23,30,17,38,26,36,22,1,0
"David Backes","DAVID.BACKES","11-12","STL","R","R",1984-05-01,27,58,60.02,1.03,31.96,15,27,23,35,23,30,35,3,1
"David Desharnais","DAVID.DESHARNAIS","11-12","MTL","C","L",1986-09-14,25,52,54.98,1.06,31.97,16,8,10,48,19,12,25,0,0
"David Desharnais","DAVID.DESHARNAIS","14-15","MTL","C","L",1986-09-14,28,57,62.65,1.1,36.38,21,30,7,27,26,37,14,5,1
"David Legwand","DAVID.LEGWAND","09-10","NSH","C","L",1980-08-17,29,55,52.85,0.96,38.04,14,21,19,27,19,27,26,1,0
"David Savard","DAVID.SAVARD","14-15","CBJ","D","R",1990-10-22,23,43,52.17,1.21,39.49,10,23,14,25,18,26,23,0,2
"Denis Grebeshkov","DENIS.GREBESHKOV","08-09","EDM","D","L",1983-10-11,24,45,53.3,1.18,46.69,10,14,12,31,21,22,23,0,0
"Dennis Seidenberg","DENNIS.SEIDENBERG","11-12","BOS","D","L",1981-07-18,30,50,55.7,1.11,44.35,12,13,13,28,27,22,24,3,4
"Dennis Wideman","DENNIS.WIDEMAN","07-08","BOS","D","R",1983-03-20,24,46,69.27,1.51,43.11,11,26,14,33,20,41,24,0,1
"Dennis Wideman","DENNIS.WIDEMAN","08-09","BOS","D","R",1983-03-20,25,50,59.83,1.2,48.36,14,19,12,24,28,35,22,1,2
"Dennis Wideman","DENNIS.WIDEMAN","09-10","BOS","D","R",1983-03-20,26,52,65.77,1.26,42.11,20,21,11,39,39,29,28,1,0
"Dennis Wideman","DENNIS.WIDEMAN","14-15","CGY","D","R",1983-03-20,31,44,69.9,1.59,49.95,14,17,15,39,25,20,28,3,2
"Derek Morris","DEREK.MORRIS","07-08","ARI","D","R",1978-08-24,29,58,69.87,1.2,41.44,12,36,18,46,20,49,22,1,0
"Derek Morris","DEREK.MORRIS","10-11","ARI","D","R",1978-08-24,32,47,51.92,1.1,38.93,13,25,14,29,21,27,23,1,0
"Derek Roy","DEREK.ROY","07-08","BUF","C","L",1983-05-04,24,52,58.43,1.12,37.5,12,18,11,33,18,30,17,0,0
"Derek Roy","DEREK.ROY","08-09","BUF","C","L",1983-05-04,25,66,65.98,1,35.43,11,25,12,39,18,31,18,0,0
"Derek Roy","DEREK.ROY","09-10","BUF","C","L",1983-05-04,26,57,55.37,0.97,32.46,12,13,8,36,23,22,14,0,1
"Derek Roy","DEREK.ROY","11-12","BUF","C","L",1983-05-04,28,51,60.08,1.18,38.34,10,24,16,23,21,30,23,3,3
"Derek Stepan","DEREK.STEPAN","11-12","NYR","C","R",1990-06-18,21,53,54.38,1.03,35.18,11,29,6,25,21,33,12,3,2
"Derick Brassard","DERICK.BRASSARD","10-11","CBJ","C","L",1987-09-22,22,53,50.83,0.96,30.93,23,10,4,33,29,13,8,1,0
"Dion Phaneuf","DION.PHANEUF","07-08","CGY","D","L",1985-04-10,22,58,76.58,1.32,53.81,12,31,4,41,27,49,19,3,0
"Dion Phaneuf","DION.PHANEUF","08-09","CGY","D","L",1985-04-10,23,52,58.25,1.12,44.9,21,13,9,29,33,20,20,3,0
"Dion Phaneuf","DION.PHANEUF","10-11","TOR","D","L",1985-04-10,25,35,51.22,1.46,51.93,9,19,12,30,19,24,17,1,0
"Dion Phaneuf","DION.PHANEUF","11-12","TOR","D","L",1985-04-10,26,49,54.53,1.11,43.06,8,29,5,39,22,40,15,2,1
"Dion Phaneuf","DION.PHANEUF","13-14","TOR","D","L",1985-04-10,28,51,68.18,1.34,43.83,8,26,23,34,16,31,36,0,0
"Dion Phaneuf","DION.PHANEUF","14-15","TOR","D","L",1985-04-10,29,43,52.33,1.22,42.68,9,19,17,21,19,21,27,0,0
"Dmitry Kulikov","DMITRY.KULIKOV","11-12","FLA","D","L",1990-10-29,20,37,52.1,1.41,42.86,4,13,11,45,9,17,17,1,0
"Dmitry Kulikov","DMITRY.KULIKOV","14-15","FLA","D","L",1990-10-29,23,46,60.68,1.32,36,10,28,19,28,15,33,31,3,1
"Dmitry Orlov","DMITRY.ORLOV","13-14","WSH","D","L",1991-07-23,22,38,52.48,1.38,44.98,11,13,6,34,23,19,14,1,0
"Douglas Murray","DOUGLAS.MURRAY","09-10","S.J","D","L",1980-03-12,29,53,61.28,1.16,37.16,9,21,18,47,23,29,26,1,2
"Drew Doughty","DREW.DOUGHTY","08-09","L.A","D","R",1989-12-08,18,57,78.87,1.38,46.68,17,32,25,47,34,40,31,0,3
"Drew Doughty","DREW.DOUGHTY","09-10","L.A","D","R",1989-12-08,19,53,92.33,1.74,51.59,12,35,9,43,36,45,28,1,0
"Drew Doughty","DREW.DOUGHTY","10-11","L.A","D","R",1989-12-08,20,50,70.48,1.41,57.23,13,24,12,29,27,33,18,0,2
"Drew Doughty","DREW.DOUGHTY","11-12","L.A","D","R",1989-12-08,21,51,75.68,1.48,45.87,10,32,12,42,20,40,26,2,2
"Drew Doughty","DREW.DOUGHTY","13-14","L.A","D","R",1989-12-08,23,52,67.95,1.31,50.25,19,24,13,28,30,35,28,1,1
"Drew Doughty","DREW.DOUGHTY","14-15","L.A","D","R",1989-12-08,24,48,73.53,1.53,58.2,12,24,13,32,32,39,28,3,2
"Duncan Keith","DUNCAN.KEITH","07-08","CHI","D","L",1983-07-16,24,68,76.78,1.13,47.78,7,36,19,42,20,46,28,0,0
"Duncan Keith","DUNCAN.KEITH","08-09","CHI","D","L",1983-07-16,25,49,75.22,1.54,56.74,16,16,21,32,28,29,36,2,1
"Duncan Keith","DUNCAN.KEITH","09-10","CHI","D","L",1983-07-16,26,61,99.77,1.64,55.65,12,27,16,57,31,46,31,2,1
"Duncan Keith","DUNCAN.KEITH","10-11","CHI","D","L",1983-07-16,27,40,61.68,1.54,53.92,10,12,12,32,21,19,23,1,1
"Duncan Keith","DUNCAN.KEITH","11-12","CHI","D","L",1983-07-16,28,39,63.52,1.63,53.27,8,21,8,36,19,28,15,0,1
"Duncan Keith","DUNCAN.KEITH","13-14","CHI","D","L",1983-07-16,30,54,63.37,1.17,46.39,17,20,4,37,37,24,9,0,3
"Duncan Keith","DUNCAN.KEITH","14-15","CHI","D","L",1983-07-16,31,43,75.02,1.74,56.47,12,25,14,36,32,34,23,1,1
"Dustin Brown","DUSTIN.BROWN","08-09","L.A","L","R",1984-11-04,23,57,53.58,0.94,32.65,20,19,16,29,26,25,21,0,3
"Dustin Brown","DUSTIN.BROWN","09-10","L.A","L","R",1984-11-04,24,53,52.47,0.99,29.32,14,18,11,36,16,22,14,1,0
"Dustin Brown","DUSTIN.BROWN","11-12","L.A","L","R",1984-11-04,26,54,56.93,1.05,33.26,9,20,17,37,17,26,20,1,2
"Dustin Byfuglien","DUSTIN.BYFUGLIEN","10-11","ATL","D/R","R",1985-03-27,25,59,73.72,1.25,47.69,21,22,10,38,30,26,23,2,1
"Dustin Byfuglien","DUSTIN.BYFUGLIEN","11-12","WPG","D","R",1985-03-27,26,46,59.75,1.3,53.33,10,23,11,20,20,28,16,0,1
"Dustin Byfuglien","DUSTIN.BYFUGLIEN","13-14","WPG","D","R",1985-03-27,28,54,76.45,1.42,46.53,18,20,10,49,36,29,24,3,3
"Dustin Byfuglien","DUSTIN.BYFUGLIEN","14-15","WPG","D","R",1985-03-27,29,46,63.55,1.38,49.04,20,18,9,37,30,22,22,0,2
"Dustin Penner","DUSTIN.PENNER","09-10","EDM","R","L",1982-09-28,26,55,52.85,0.96,33.26,15,19,15,35,19,25,17,0,0
"Ed Jovanovski","ED.JOVANOVSKI","07-08","ARI","D","L",1976-06-26,31,56,72.7,1.3,44.87,21,28,8,54,32,37,15,1,0
"Ed Jovanovski","ED.JOVANOVSKI","09-10","ARI","D","L",1976-06-26,33,46,66.78,1.45,41.82,14,23,16,55,17,35,31,2,2
"Eric Brewer","ERIC.BREWER","07-08","STL","D","L",1979-04-17,28,54,70.72,1.31,46.74,7,32,16,43,21,49,24,1,2
"Eric Brewer","ERIC.BREWER","09-10","STL","D","L",1979-04-17,30,45,58.47,1.3,43.76,14,16,21,36,25,16,35,1,3
"Eric Brewer","ERIC.BREWER","11-12","T.B","D","L",1979-04-17,32,52,52.42,1.01,38.55,6,24,17,38,15,26,25,1,1
"Eric Staal","ERIC.STAAL","07-08","CAR","C","L",1984-10-29,22,55,50.55,0.92,38.45,12,26,7,22,20,33,12,0,0
"Eric Staal","ERIC.STAAL","08-09","CAR","C","L",1984-10-29,23,55,54.98,1,37.16,17,21,16,28,22,26,22,0,0
"Eric Staal","ERIC.STAAL","09-10","CAR","C","L",1984-10-29,24,44,51.58,1.17,44.95,13,28,15,18,21,29,24,1,1
"Eric Staal","ERIC.STAAL","10-11","CAR","C","L",1984-10-29,25,59,75.08,1.27,46.04,20,33,17,35,28,42,26,1,0
"Eric Staal","ERIC.STAAL","11-12","CAR","C","L",1984-10-29,26,56,58.83,1.05,40.41,18,22,19,34,26,25,28,2,2
"Erik Cole","ERIK.COLE","10-11","CAR","L","L",1978-11-06,31,59,57.18,0.97,35.06,9,29,18,29,9,34,22,0,0
"Erik Johnson","ERIK.JOHNSON","09-10","STL","D","R",1988-03-21,21,57,75.48,1.32,45.04,29,16,15,46,45,21,22,0,5
"Erik Johnson","ERIK.JOHNSON","11-12","COL","D","R",1988-03-21,23,41,51.77,1.26,42.17,11,14,17,37,22,18,23,0,0
"Erik Johnson","ERIK.JOHNSON","13-14","COL","D","R",1988-03-21,25,47,56.42,1.2,46.52,11,25,12,28,17,29,24,3,1
"Erik Karlsson","ERIK.KARLSSON","10-11","OTT","D","R",1990-05-31,20,45,56.15,1.25,46.73,9,20,10,26,20,24,18,0,2
"Erik Karlsson","ERIK.KARLSSON","11-12","OTT","D","R",1990-05-31,21,53,76.95,1.45,55.45,16,36,12,34,22,43,23,0,2
"Erik Karlsson","ERIK.KARLSSON","13-14","OTT","D","R",1990-05-31,23,65,101.35,1.56,53.91,26,38,20,41,40,47,39,2,3
"Erik Karlsson","ERIK.KARLSSON","14-15","OTT","D","R",1990-05-31,24,54,107.58,1.99,56.66,27,38,14,47,47,50,34,3,2
"Evander Kane","EVANDER.KANE","13-14","WPG","L","L",1991-08-02,22,45,52.3,1.16,36.42,17,9,8,37,24,13,11,0,1
"Evgeni Malkin","EVGENI.MALKIN","07-08","PIT","C","L",1986-07-31,21,52,54.15,1.04,36.59,14,15,6,27,22,18,11,1,0
"Evgeni Malkin","EVGENI.MALKIN","08-09","PIT","C","L",1986-07-31,22,60,69.37,1.16,37.89,19,26,7,39,22,35,18,1,1
"Evgeni Malkin","EVGENI.MALKIN","09-10","PIT","C","L",1986-07-31,23,47,58.28,1.24,40.98,24,20,3,28,34,29,12,1,4
"Evgeni Malkin","EVGENI.MALKIN","11-12","PIT","C","L",1986-07-31,25,52,62.65,1.2,44.21,19,19,9,34,31,26,17,0,2
"Evgeni Malkin","EVGENI.MALKIN","14-15","PIT","C","L",1986-07-31,28,49,52.08,1.06,36.59,18,18,8,33,21,24,14,1,2
"Fedor Tyutin","FEDOR.TYUTIN","07-08","NYR","D","L",1983-07-19,24,62,69.65,1.12,40.71,8,34,13,40,16,44,17,2,0
"Fedor Tyutin","FEDOR.TYUTIN","08-09","CBJ","D","L",1983-07-19,25,59,83.95,1.42,46.01,14,30,26,51,23,37,35,0,0
"Fedor Tyutin","FEDOR.TYUTIN","09-10","CBJ","D","L",1983-07-19,26,53,62.37,1.18,42.52,14,18,20,38,25,22,31,3,0
"Fedor Tyutin","FEDOR.TYUTIN","10-11","CBJ","D","L",1983-07-19,27,59,72.27,1.22,38.96,8,29,20,53,25,34,23,2,2
"Fedor Tyutin","FEDOR.TYUTIN","12-13","CBJ","D","L",1983-07-19,29,34,57.55,1.69,46.83,9,19,14,27,23,25,20,0,4
"Filip Kuba","FILIP.KUBA","11-12","OTT","D","L",1976-12-29,34,47,57.62,1.23,44.73,11,27,17,29,19,34,23,0,1
"Francois Beauchemin","FRANCOIS.BEAUCHEMIN","07-08","ANA","D","L",1980-06-04,27,65,113.03,1.74,55.38,19,45,14,49,39,66,24,0,3
"Francois Beauchemin","FRANCOIS.BEAUCHEMIN","09-10","TOR","D","L",1980-06-04,29,55,72.63,1.32,47.95,9,25,18,49,27,37,25,0,0
"Francois Beauchemin","FRANCOIS.BEAUCHEMIN","11-12","ANA","D","L",1980-06-04,31,47,60.95,1.3,54.02,8,18,14,29,21,28,20,0,2
"Francois Beauchemin","FRANCOIS.BEAUCHEMIN","13-14","ANA","D","L",1980-06-04,33,48,55.55,1.16,47,9,18,13,36,18,24,19,1,0
"Frans Nielsen","FRANS.NIELSEN","09-10","NYI","C","L",1984-04-24,25,43,53.12,1.24,35.46,17,32,19,15,20,34,25,1,0
"Frans Nielsen","FRANS.NIELSEN","13-14","NYI","C","L",1984-04-24,29,49,51.8,1.06,32,9,27,13,28,16,31,21,0,3
"Greg Zanon","GREG.ZANON","09-10","MIN","D","L",1980-06-05,29,52,70.5,1.36,43.9,14,24,25,56,17,28,33,1,0
"Greg Zanon","GREG.ZANON","10-11","MIN","D","L",1980-06-05,30,49,51.88,1.06,36.42,6,18,15,39,13,23,21,0,1
"Hampus Lindholm","HAMPUS.LINDHOLM","13-14","ANA","D","L",1994-01-20,19,52,63.37,1.22,47.25,15,22,15,33,23,28,21,2,1
"Hampus Lindholm","HAMPUS.LINDHOLM","14-15","ANA","D","L",1994-01-20,20,50,63.4,1.27,43.97,11,23,10,35,16,31,21,4,1
"Henrik Sedin","HENRIK.SEDIN","07-08","VAN","C","L",1980-09-26,26,60,79.57,1.33,40.02,22,42,21,28,32,50,30,1,2
"Henrik Sedin","HENRIK.SEDIN","08-09","VAN","C","L",1980-09-26,27,56,60.23,1.08,36.64,28,21,18,24,37,25,28,1,2
"Henrik Sedin","HENRIK.SEDIN","09-10","VAN","C","L",1980-09-26,28,52,64.97,1.25,42.73,31,29,15,23,40,37,23,0,2
"Henrik Sedin","HENRIK.SEDIN","11-12","VAN","C","L",1980-09-26,30,59,70.13,1.19,36.43,34,27,5,38,45,35,11,0,4
"Henrik Sedin","HENRIK.SEDIN","13-14","VAN","C","L",1980-09-26,32,49,68.07,1.39,43.42,27,26,8,24,36,35,15,0,1
"Henrik Sedin","HENRIK.SEDIN","14-15","VAN","C","L",1980-09-26,33,47,54.02,1.15,41.97,13,25,14,22,18,29,21,2,3
"Henrik Tallinder","HENRIK.TALLINDER","07-08","BUF","D","L",1979-01-10,28,48,70.77,1.47,45.75,9,35,17,34,19,49,26,0,1
"Henrik Tallinder","HENRIK.TALLINDER","08-09","BUF","D","L",1979-01-10,29,53,56.43,1.06,36.13,10,20,18,37,20,27,19,0,0
"Henrik Tallinder","HENRIK.TALLINDER","09-10","BUF","D","L",1979-01-10,30,57,73.83,1.3,43.28,12,29,18,44,30,34,22,2,1
"Henrik Zetterberg","HENRIK.ZETTERBERG","07-08","DET","L","L",1980-10-09,26,57,57.83,1.01,39.86,16,31,10,32,23,38,15,1,1
"Henrik Zetterberg","HENRIK.ZETTERBERG","09-10","DET","L","L",1980-10-09,28,48,55.65,1.16,37.02,16,15,7,41,25,19,14,1,1
"Henrik Zetterberg","HENRIK.ZETTERBERG","14-15","DET","L","L",1980-10-09,33,50,55.63,1.11,35.4,21,17,8,40,22,18,21,2,0
"Ian White","IAN.WHITE","08-09","TOR","D","R",1984-06-04,24,48,63.97,1.33,45.03,9,17,20,36,22,20,26,0,3
"Ian White","IAN.WHITE","11-12","DET","D","R",1984-06-04,27,47,59.47,1.27,45.03,15,14,22,34,22,19,32,2,0
"Ilya Kovalchuk","ILYA.KOVALCHUK","07-08","ATL","L","R",1983-04-15,24,53,67.2,1.27,46.7,11,26,7,41,16,30,22,1,1
"Ilya Kovalchuk","ILYA.KOVALCHUK","08-09","ATL","L","R",1983-04-15,25,52,69.27,1.33,45.99,32,19,7,23,41,24,24,4,1
"Ilya Kovalchuk","ILYA.KOVALCHUK","11-12","N.J","L","R",1983-04-15,28,44,61.78,1.4,47.54,17,17,4,34,26,22,9,0,1
"Jack Johnson","JACK.JOHNSON","09-10","L.A","D","L",1987-01-13,22,52,87.32,1.68,50.78,19,23,10,37,39,32,20,1,2
"Jack Johnson","JACK.JOHNSON","10-11","L.A","D","L",1987-01-13,23,52,70.57,1.36,53.15,19,21,10,37,29,27,19,1,3
"Jack Johnson","JACK.JOHNSON","11-12","L.A","D","L",1987-01-13,24,42,51.58,1.23,38.33,7,13,10,38,14,18,18,1,0
"Jack Johnson","JACK.JOHNSON","12-13","CBJ","D","L",1987-01-13,25,30,54.42,1.81,50.5,8,13,9,23,16,21,17,2,3
"Jack Johnson","JACK.JOHNSON","13-14","CBJ","D","L",1987-01-13,26,53,60.1,1.13,44.64,11,18,11,28,28,22,22,1,0
"Jack Johnson","JACK.JOHNSON","14-15","CBJ","D","L",1987-01-13,27,42,60.95,1.45,47.27,10,24,15,21,20,31,27,1,2
"Jacob Trouba","JACOB.TROUBA","14-15","WPG","D","R",1994-02-26,20,44,52.95,1.2,41.84,9,16,9,33,21,22,21,2,1
"Jake Gardiner","JAKE.GARDINER","11-12","TOR","D","L",1990-07-04,21,45,54.7,1.22,45.4,17,10,14,37,25,15,21,0,1
"Jake Gardiner","JAKE.GARDINER","13-14","TOR","D","L",1990-07-04,23,51,68.97,1.35,46.39,18,12,14,49,26,19,30,2,0
"Jake Gardiner","JAKE.GARDINER","14-15","TOR","D","L",1990-07-04,24,46,72.15,1.57,50.53,24,11,15,28,42,18,21,1,2
"Jake Muzzin","JAKE.MUZZIN","13-14","L.A","D","L",1989-02-21,24,51,51.43,1.01,37.02,16,17,12,31,23,24,16,0,1
"Jakub Voracek","JAKUB.VORACEK","14-15","PHI","R","L",1989-08-15,25,49,54.23,1.11,35.73,23,25,10,23,34,27,14,0,1
"James Wisniewski","JAMES.WISNIEWSKI","09-10","ANA","D","R",1984-02-21,25,45,72.13,1.6,50.06,11,23,16,30,27,30,25,2,1
"Jamie Benn","JAMIE.BENN","13-14","DAL","L","L",1989-07-18,24,54,53.5,0.99,35.03,12,29,18,28,18,32,27,0,1
"Jamie Benn","JAMIE.BENN","14-15","DAL","L","L",1989-07-18,25,55,50.93,0.93,40.35,17,19,18,22,26,21,24,0,1
"Jamie McBain","JAMIE.MCBAIN","10-11","CAR","D","R",1988-02-25,22,54,51.22,0.95,34.55,13,18,12,36,16,22,19,0,0
"Jamie McBain","JAMIE.MCBAIN","11-12","CAR","D","R",1988-02-25,23,52,53.77,1.03,39.3,11,21,10,31,22,25,20,3,1
"Jan Hejda","JAN.HEJDA","07-08","CBJ","D","L",1978-06-18,29,59,61.08,1.04,34.59,4,30,24,38,11,40,30,0,1
"Jan Hejda","JAN.HEJDA","08-09","CBJ","D","L",1978-06-18,30,59,71.57,1.21,39.23,14,30,26,49,22,42,35,1,1
"Jan Hejda","JAN.HEJDA","10-11","CBJ","D","L",1978-06-18,32,57,76.17,1.34,42.38,17,11,25,52,37,20,34,3,1
"Jan Hejda","JAN.HEJDA","13-14","COL","D","L",1978-06-18,35,45,50.45,1.12,44.28,6,24,17,26,13,30,25,2,1
"Jared Cowen","JARED.COWEN","13-14","OTT","D","L",1991-01-25,22,55,50.77,0.92,32.39,10,21,13,32,16,30,21,1,1
"Jared Spurgeon","JARED.SPURGEON","11-12","MIN","D","R",1989-11-29,21,47,61.22,1.3,41.58,10,22,17,42,20,24,25,2,0
"Jared Spurgeon","JARED.SPURGEON","13-14","MIN","D","R",1989-11-29,23,44,55.07,1.25,41.93,7,19,10,41,12,22,16,2,0
"Jared Spurgeon","JARED.SPURGEON","14-15","MIN","D","R",1989-11-29,24,41,52.47,1.28,45.35,14,15,25,19,23,18,37,4,2
"Jarome Iginla","JAROME.IGINLA","07-08","CGY","R","R",1977-07-01,30,58,59.8,1.03,42.02,17,37,9,18,25,47,21,1,0
"Jarome Iginla","JAROME.IGINLA","08-09","CGY","R","R",1977-07-01,31,53,58.4,1.1,44.97,20,25,15,15,30,29,28,2,0
"Jarome Iginla","JAROME.IGINLA","09-10","CGY","R","R",1977-07-01,32,45,54.7,1.22,42.91,17,25,6,21,27,34,15,1,1
"Jarome Iginla","JAROME.IGINLA","10-11","CGY","R","R",1977-07-01,33,52,57.33,1.1,40.21,16,24,7,33,23,27,14,1,0
"Jarome Iginla","JAROME.IGINLA","11-12","CGY","R","R",1977-07-01,34,54,71.15,1.32,43.51,24,27,7,30,31,31,17,0,0
"Jaromir Jagr","JAROMIR.JAGR","07-08","NYR","R","L",1972-02-15,35,62,62.48,1.01,36.52,11,34,7,39,12,43,14,1,0
"Jaroslav Spacek","JAROSLAV.SPACEK","08-09","BUF","D","L",1974-02-11,34,64,57.48,0.9,31.96,6,18,19,35,20,25,28,0,0
"Jaroslav Spacek","JAROSLAV.SPACEK","09-10","MTL","D","L",1974-02-11,35,53,74.13,1.4,48.66,11,21,19,49,26,29,28,0,0
"Jason Arnott","JASON.ARNOTT","07-08","NSH","C","R",1974-10-11,32,56,53.02,0.95,36.85,7,21,12,34,18,26,21,0,2
"Jason Garrison","JASON.GARRISON","11-12","FLA","D","L",1984-11-13,26,48,62.95,1.31,41.97,8,25,13,43,20,27,19,1,1
"Jason Garrison","JASON.GARRISON","13-14","VAN","D","L",1984-11-13,28,54,54.27,1.01,32.79,14,20,11,32,22,24,15,0,1
"Jason Pominville","JASON.POMINVILLE","11-12","BUF","R","R",1982-11-30,28,52,50.78,0.98,32.21,8,24,9,27,20,34,20,4,1
"Jason Pominville","JASON.POMINVILLE","13-14","MIN","R","R",1982-11-30,30,53,54.5,1.03,34.21,13,15,11,45,15,16,13,0,2
"Jason Spezza","JASON.SPEZZA","07-08","OTT","C","R",1983-06-13,24,54,52.98,0.98,37.84,18,21,3,30,25,26,12,1,0
"Jason Spezza","JASON.SPEZZA","08-09","OTT","C","R",1983-06-13,25,54,50.83,0.94,34.05,17,11,11,29,25,15,19,1,2
"Jason Spezza","JASON.SPEZZA","11-12","OTT","C","R",1983-06-13,28,54,51.98,0.96,36.92,19,28,13,25,23,32,18,1,2
"Jay Bouwmeester","JAY.BOUWMEESTER","07-08","FLA","D","L",1983-09-27,23,56,67.87,1.21,49.49,10,27,10,38,22,48,19,1,0
"Jay Bouwmeester","JAY.BOUWMEESTER","08-09","FLA","D","L",1983-09-27,24,43,56.85,1.32,46.72,10,16,10,38,23,28,24,1,0
"Jay Bouwmeester","JAY.BOUWMEESTER","09-10","CGY","D","L",1983-09-27,25,45,64.8,1.44,50.83,10,19,13,42,23,31,21,1,1
"Jay Bouwmeester","JAY.BOUWMEESTER","10-11","CGY","D","L",1983-09-27,26,52,83.03,1.6,58.23,10,29,15,56,31,38,37,2,2
"Jay Bouwmeester","JAY.BOUWMEESTER","11-12","CGY","D","L",1983-09-27,27,54,89.72,1.66,54.87,18,27,23,51,36,35,39,1,2
"Jay Bouwmeester","JAY.BOUWMEESTER","13-14","STL","D","L",1983-09-27,29,56,78.83,1.41,46.29,14,33,20,42,34,45,31,1,4
"Jay Bouwmeester","JAY.BOUWMEESTER","14-15","STL","D","L",1983-09-27,30,47,64.63,1.38,46.67,14,26,19,27,23,34,28,2,1
"Jay Harrison","JAY.HARRISON","11-12","CAR","D","L",1982-11-03,28,50,58.8,1.18,43.4,14,19,13,32,23,25,19,1,1
"Jeff Carter","JEFF.CARTER","07-08","PHI","C","R",1985-01-01,22,67,84.97,1.27,41.54,21,38,26,36,30,56,36,1,3
"Jeff Carter","JEFF.CARTER","08-09","PHI","C","R",1985-01-01,23,66,83.43,1.26,42.83,17,41,27,39,32,51,43,1,3
"Jeff Carter","JEFF.CARTER","09-10","PHI","C","R",1985-01-01,24,53,61.83,1.17,39.66,26,11,16,35,36,21,25,3,1
"Jeff Carter","JEFF.CARTER","10-11","PHI","C","R",1985-01-01,25,51,51.48,1.01,39.97,11,11,9,33,22,15,20,1,1
"Jeff Carter","JEFF.CARTER","13-14","L.A","C","R",1985-01-01,28,48,51.75,1.08,38.32,12,20,10,31,24,29,16,1,1
"Jeff Petry","JEFF.PETRY","11-12","EDM","D","R",1987-12-09,23,48,56.55,1.18,45.1,14,12,13,35,21,16,18,2,1
"Jeff Petry","JEFF.PETRY","13-14","EDM","D","R",1987-12-09,25,56,57.02,1.02,39.32,6,21,15,41,16,23,25,1,1
"Jeff Schultz","JEFF.SCHULTZ","09-10","WSH","D","L",1986-02-25,23,52,52.37,1.01,36.15,5,10,13,35,17,15,18,1,0
"Joe Corvo","JOE.CORVO","08-09","CAR","D","R",1977-06-20,31,54,67.53,1.25,46.22,21,20,15,37,33,27,27,0,0
"Joe Corvo","JOE.CORVO","10-11","CAR","D","R",1977-06-20,33,59,72.53,1.23,44.48,12,32,17,44,21,39,23,1,2
"Joe Thornton","JOE.THORNTON","07-08","S.J","C","L",1979-07-02,28,59,64.87,1.1,36.8,12,26,8,45,20,37,12,3,0
"Joe Thornton","JOE.THORNTON","08-09","S.J","C","L",1979-07-02,29,58,60.72,1.05,35.84,24,26,9,35,39,27,17,1,3
"Joe Thornton","JOE.THORNTON","09-10","S.J","C","L",1979-07-02,30,54,59.3,1.1,34.07,17,21,13,40,28,29,20,0,0
"Joe Thornton","JOE.THORNTON","11-12","S.J","C","L",1979-07-02,32,50,54.1,1.08,34.91,9,22,12,45,15,25,19,0,2
"Joe Thornton","JOE.THORNTON","13-14","S.J","C","L",1979-07-02,34,50,52.48,1.05,31.86,13,17,17,40,23,20,28,2,1
"Johan Franzen","JOHAN.FRANZEN","11-12","DET","C","L",1979-12-23,31,46,50.88,1.11,37.81,15,16,10,28,17,19,20,2,0
"John-Michael Liles","JOHN-MICHAEL.LILES","08-09","COL","D","L",1980-11-25,27,47,50.67,1.08,40.24,17,14,9,32,23,20,15,1,0
"John-Michael Liles","JOHN-MICHAEL.LILES","10-11","COL","D","L",1980-11-25,29,48,57.78,1.2,48.72,17,18,12,35,27,25,19,2,3
"John Carlson","JOHN.CARLSON","10-11","WSH","D","R",1990-01-10,20,47,72.3,1.54,50.34,13,21,8,47,33,32,23,0,0
"John Carlson","JOHN.CARLSON","11-12","WSH","D","R",1990-01-10,21,49,54.08,1.1,43.71,8,22,15,29,15,27,32,3,1
"John Carlson","JOHN.CARLSON","13-14","WSH","D","R",1990-01-10,23,61,93.13,1.53,52.34,15,32,21,43,27,44,50,2,2
"John Carlson","JOHN.CARLSON","14-15","WSH","D","R",1990-01-10,24,58,82.38,1.42,45.99,13,27,14,44,30,41,22,2,3
"John Klingberg","JOHN.KLINGBERG","14-15","DAL","D","R",1992-08-14,22,43,52.37,1.22,53.78,19,13,15,16,30,20,23,0,1
"John Tavares","JOHN.TAVARES","11-12","NYI","C","L",1990-09-20,20,55,51.48,0.94,37.1,12,18,10,30,21,20,20,3,0
"John Tavares","JOHN.TAVARES","14-15","NYI","C","L",1990-09-20,23,47,57.37,1.22,38.91,18,20,3,26,26,27,8,1,1
"Johnny Boychuk","JOHNNY.BOYCHUK","11-12","BOS","D","R",1984-01-19,27,47,51.18,1.09,42.77,13,18,12,22,37,21,19,1,2
"Johnny Oduya","JOHNNY.ODUYA","08-09","N.J","D","L",1981-10-01,26,56,63.62,1.14,40.93,18,10,25,36,27,16,31,0,1
"Jonas Brodin","JONAS.BRODIN","13-14","MIN","D","L",1993-07-12,20,51,73.55,1.44,47.58,12,27,15,43,23,30,23,1,2
"Jonas Brodin","JONAS.BRODIN","14-15","MIN","D","L",1993-07-12,21,41,51.53,1.26,43.78,10,22,11,32,16,26,18,1,1
"Jonathan Ericsson","JONATHAN.ERICSSON","14-15","DET","D","L",1984-03-02,30,54,54.75,1.01,31.8,5,30,15,35,12,33,26,4,1
"Jonathan Toews","JONATHAN.TOEWS","09-10","CHI","C","L",1988-04-29,21,55,55.9,1.02,34.44,28,23,4,26,39,28,7,0,1
"Joni Pitkanen","JONI.PITKANEN","07-08","EDM","D","L",1983-09-19,23,40,61.27,1.53,45.49,2,20,11,34,10,35,19,4,0
"Joni Pitkanen","JONI.PITKANEN","08-09","CAR","D","L",1983-09-19,24,47,65.2,1.39,47.9,11,16,13,34,28,21,23,0,1
"Joni Pitkanen","JONI.PITKANEN","09-10","CAR","D","L",1983-09-19,25,46,63.07,1.37,49.85,14,20,10,25,34,32,25,2,3
"Joni Pitkanen","JONI.PITKANEN","10-11","CAR","D","L",1983-09-19,26,52,78.13,1.5,52.11,18,30,20,34,31,40,32,1,1
"Jordan Eberle","JORDAN.EBERLE","13-14","EDM","C","R",1990-05-15,23,57,54.67,0.96,36.34,13,37,7,36,18,41,9,0,1
"Jordan Leopold","JORDAN.LEOPOLD","09-10","FLA","D","L",1980-08-03,29,40,54.58,1.36,45.2,5,15,18,31,18,17,27,3,0
"Jordan Leopold","JORDAN.LEOPOLD","10-11","BUF","D","L",1980-08-03,30,50,52.9,1.06,40.2,6,14,12,36,16,21,18,2,0
"Jordan Staal","JORDAN.STAAL","07-08","PIT","C","L",1988-09-10,19,52,50.38,0.97,34.05,14,17,8,36,18,20,19,1,0
"Jordan Staal","JORDAN.STAAL","08-09","PIT","C","L",1988-09-10,20,60,63.8,1.06,34.85,15,19,22,36,16,24,29,1,1
"Josh Gorges","JOSH.GORGES","08-09","MTL","D","L",1984-08-14,24,58,66.1,1.14,37.46,15,13,26,46,32,18,33,1,0
"Josh Gorges","JOSH.GORGES","09-10","MTL","D","L",1984-08-14,25,58,58.83,1.01,35.35,10,21,23,45,17,26,34,2,0
"Josh Gorges","JOSH.GORGES","11-12","MTL","D","L",1984-08-14,27,53,83.3,1.57,47.28,14,33,32,41,21,44,40,1,1
"Justin Braun","JUSTIN.BRAUN","13-14","S.J","D","R",1987-02-10,26,50,61.9,1.24,37.58,8,15,23,49,15,23,28,2,2
"Justin Faulk","JUSTIN.FAULK","11-12","CAR","D","R",1992-03-20,19,44,54.78,1.25,46.78,16,21,14,27,27,25,24,3,0
"Justin Faulk","JUSTIN.FAULK","13-14","CAR","D","R",1992-03-20,21,51,57.45,1.13,46.04,15,21,14,35,34,24,22,2,1
"Justin Faulk","JUSTIN.FAULK","14-15","CAR","D","R",1992-03-20,22,44,67.47,1.53,48.37,10,22,21,34,21,26,34,2,1
"Justin Schultz","JUSTIN.SCHULTZ","13-14","EDM","D","R",1990-07-06,23,52,75.02,1.44,54.86,24,32,13,28,40,44,25,0,2
"Justin Schultz","JUSTIN.SCHULTZ","14-15","EDM","D","R",1990-07-06,24,37,61.98,1.68,52.52,15,21,11,24,25,30,18,0,3
"Karl Alzner","KARL.ALZNER","10-11","WSH","D","L",1988-09-24,21,47,69.15,1.47,48.15,12,25,16,41,28,34,24,0,0
"Karl Alzner","KARL.ALZNER","11-12","WSH","D","L",1988-09-24,22,49,54.93,1.12,44.4,11,23,20,21,19,28,32,1,1
"Karl Alzner","KARL.ALZNER","13-14","WSH","D","L",1988-09-24,24,61,81.43,1.33,45.77,17,30,27,34,24,41,45,2,2
"Karl Alzner","KARL.ALZNER","14-15","WSH","D","L",1988-09-24,25,58,50.63,0.87,28.27,4,10,15,44,15,16,21,2,3
"Keith Ballard","KEITH.BALLARD","07-08","ARI","D","L",1982-11-26,24,58,72.05,1.24,42.73,13,36,23,45,22,51,30,1,2
"Keith Ballard","KEITH.BALLARD","08-09","FLA","D","L",1982-11-26,25,43,62.43,1.45,51.31,6,18,11,41,14,23,20,0,2
"Keith Ballard","KEITH.BALLARD","09-10","FLA","D","L",1982-11-26,26,53,64.28,1.21,41.7,11,22,22,44,21,29,32,1,0
"Keith Yandle","KEITH.YANDLE","09-10","ARI","D","L",1986-09-09,23,58,67.63,1.17,36.68,25,15,15,55,37,19,21,1,3
"Keith Yandle","KEITH.YANDLE","10-11","ARI","D","L",1986-09-09,24,49,65,1.33,46.77,21,28,9,32,31,31,20,0,1
"Keith Yandle","KEITH.YANDLE","11-12","ARI","D","L",1986-09-09,25,48,65.88,1.37,42.5,20,10,10,45,30,18,18,1,0
"Keith Yandle","KEITH.YANDLE","13-14","ARI","D","L",1986-09-09,27,51,78.1,1.53,49.96,21,24,16,48,31,30,30,4,1
"Kent Huskins","KENT.HUSKINS","07-08","ANA","D","L",1979-05-04,28,60,63.8,1.06,33.5,18,21,13,32,30,31,17,0,2
"Kevin Bieksa","KEVIN.BIEKSA","08-09","VAN","D","R",1981-06-16,27,48,62.12,1.29,42.16,13,13,19,33,27,19,29,1,1
"Kevin Bieksa","KEVIN.BIEKSA","11-12","VAN","D","R",1981-06-16,30,56,89.37,1.6,49.52,15,23,23,44,31,30,29,1,2
"Kevin Bieksa","KEVIN.BIEKSA","13-14","VAN","D","R",1981-06-16,32,52,59.4,1.14,35.8,15,13,11,44,31,18,15,1,2
"Kevin Shattenkirk","KEVIN.SHATTENKIRK","11-12","STL","D","R",1989-01-29,22,58,76.42,1.32,40.69,19,21,13,57,30,26,21,1,1
"Kevin Shattenkirk","KEVIN.SHATTENKIRK","13-14","STL","D","R",1989-01-29,24,56,61.27,1.09,35.98,18,14,12,48,22,15,20,4,0
"Kim Johnsson","KIM.JOHNSSON","07-08","MIN","D","L",1976-03-16,31,63,84.08,1.33,50.96,11,33,22,61,23,44,34,2,1
"Kim Johnsson","KIM.JOHNSSON","08-09","MIN","D","L",1976-03-16,32,51,65.43,1.28,48.73,6,25,30,43,14,37,41,0,1
"Kimmo Timonen","KIMMO.TIMONEN","07-08","PHI","D","L",1975-03-18,32,65,73.58,1.13,36.42,21,33,21,46,37,50,32,1,1
"Kimmo Timonen","KIMMO.TIMONEN","08-09","PHI","D","L",1975-03-18,33,62,81.25,1.31,43.82,16,30,27,59,31,46,42,1,2
"Kimmo Timonen","KIMMO.TIMONEN","09-10","PHI","D","L",1975-03-18,34,59,66.88,1.13,38.92,23,22,16,52,43,28,24,2,1
"Kris Letang","KRIS.LETANG","08-09","PIT","D","R",1987-04-24,21,55,70.28,1.28,40.79,12,21,17,46,23,29,27,1,0
"Kris Letang","KRIS.LETANG","09-10","PIT","D","R",1987-04-24,22,52,74.07,1.42,43.72,21,16,17,30,38,22,28,0,4
"Kris Letang","KRIS.LETANG","10-11","PIT","D","R",1987-04-24,23,63,87.1,1.38,46.05,19,20,9,55,35,31,16,1,5
"Kris Letang","KRIS.LETANG","11-12","PIT","D","R",1987-04-24,24,37,59.85,1.62,53.18,7,19,9,31,20,24,22,1,1
"Kris Letang","KRIS.LETANG","14-15","PIT","D","R",1987-04-24,27,51,63.73,1.25,42.61,14,23,10,35,28,32,21,0,4
"Kris Russell","KRIS.RUSSELL","10-11","CBJ","D","L",1987-05-02,23,55,51.6,0.94,28.49,15,16,6,43,20,22,12,2,0
"Kris Russell","KRIS.RUSSELL","14-15","CGY","D","L",1987-05-02,27,42,68.13,1.62,50.58,19,15,14,42,28,20,26,2,1
"Kris Versteeg","KRIS.VERSTEEG","11-12","FLA","R","R",1986-05-13,25,42,52.48,1.25,38.23,11,14,7,36,12,16,12,0,0
"Kristian Huselius","KRISTIAN.HUSELIUS","08-09","CBJ","L","L",1978-11-10,29,52,55.35,1.06,35.29,19,19,4,34,19,21,4,0,1
"Kyle Brodziak","KYLE.BRODZIAK","11-12","MIN","C","R",1984-05-25,27,57,57.18,1,30.01,19,16,21,27,23,18,30,2,0
"Kyle Cumiskey","KYLE.CUMISKEY","09-10","COL","D","L",1986-12-02,22,39,51.02,1.31,47.5,6,16,13,27,15,28,18,0,0
"Kyle Okposo","KYLE.OKPOSO","09-10","NYI","R","R",1988-04-16,21,47,61.67,1.31,38.6,17,33,15,27,21,35,21,2,0
"Kyle Quincey","KYLE.QUINCEY","08-09","L.A","D","L",1985-08-12,23,52,64.7,1.24,42.09,25,15,11,36,40,22,19,0,1
"Kyle Quincey","KYLE.QUINCEY","09-10","COL","D","L",1985-08-12,24,52,51.7,0.99,37.53,3,19,9,44,7,21,19,1,2
"Kyle Quincey","KYLE.QUINCEY","13-14","DET","D","L",1985-08-12,28,63,51.55,0.82,32.07,3,15,14,50,9,21,15,0,0
"Kyle Turris","KYLE.TURRIS","13-14","OTT","C","R",1989-08-14,24,65,62.3,0.96,33.14,10,33,15,35,18,37,22,0,1
"Kyle Turris","KYLE.TURRIS","14-15","OTT","C","R",1989-08-14,25,54,71.02,1.32,37.4,16,22,19,39,28,32,31,1,1
"Ladislav Smid","LADISLAV.SMID","10-11","EDM","D","L",1986-02-01,24,55,50.6,0.92,37.79,5,15,17,53,12,24,23,0,1
"Loui Eriksson","LOUI.ERIKSSON","08-09","DAL","L","L",1985-07-17,23,58,66.82,1.15,40.05,18,20,11,33,27,25,16,0,1
"Loui Eriksson","LOUI.ERIKSSON","11-12","DAL","L","L",1985-07-17,26,59,62.42,1.06,38.97,19,23,13,29,29,25,16,0,2
"Loui Eriksson","LOUI.ERIKSSON","14-15","BOS","L","L",1985-07-17,29,52,50.4,0.97,32.23,11,17,4,36,20,19,10,2,3
"Lubomir Visnovsky","LUBOMIR.VISNOVSKY","10-11","ANA","D","L",1976-08-11,34,48,80.47,1.68,57.51,15,31,10,38,27,42,26,1,2
"Lukas Krajicek","LUKAS.KRAJICEK","08-09","T.B","D","L",1983-03-11,25,50,68.9,1.38,42.37,11,25,21,47,17,34,37,2,0
"Luke Schenn","LUKE.SCHENN","08-09","TOR","D","R",1989-11-02,18,46,53.4,1.16,39.36,10,15,20,35,18,19,27,1,2
"Luke Schenn","LUKE.SCHENN","10-11","TOR","D","R",1989-11-02,20,44,52.1,1.18,42.09,12,15,17,41,19,19,21,1,1
"Marc-Edouard Vlasic","MARC-EDOUARD.VLASIC","07-08","S.J","D","L",1987-03-30,20,59,65.62,1.11,37.22,6,26,14,54,21,32,23,4,0
"Marc-Edouard Vlasic","MARC-EDOUARD.VLASIC","08-09","S.J","D","L",1987-03-30,21,58,86.15,1.49,50.85,19,29,14,46,41,44,29,0,3
"Marc-Edouard Vlasic","MARC-EDOUARD.VLASIC","09-10","S.J","D","L",1987-03-30,22,45,62.78,1.4,42.61,9,20,21,37,16,27,28,0,0
"Marc-Edouard Vlasic","MARC-EDOUARD.VLASIC","10-11","S.J","D","L",1987-03-30,23,45,55.95,1.24,41.54,7,23,12,40,11,28,17,2,1
"Marc-Edouard Vlasic","MARC-EDOUARD.VLASIC","11-12","S.J","D","L",1987-03-30,24,50,79.65,1.59,51.4,15,20,25,47,21,26,37,2,0
"Marc-Edouard Vlasic","MARC-EDOUARD.VLASIC","13-14","S.J","D","L",1987-03-30,26,50,61.37,1.23,37.26,8,17,20,46,14,24,27,1,1
"Marc Methot","MARC.METHOT","08-09","CBJ","D","L",1985-06-21,23,48,51.2,1.07,32.76,8,17,22,28,13,18,27,0,1
"Marc Methot","MARC.METHOT","10-11","CBJ","D","L",1985-06-21,25,54,53.9,1,32.93,13,18,16,42,23,24,20,0,0
"Marc Methot","MARC.METHOT","13-14","OTT","D","L",1985-06-21,28,60,63.67,1.06,35.78,13,24,19,40,19,29,27,1,2
"Marc Savard","MARC.SAVARD","07-08","BOS","C","L",1977-07-17,30,44,50.35,1.14,33.02,9,23,14,28,12,30,21,0,0
"Marc Staal","MARC.STAAL","07-08","NYR","D","L",1987-01-13,20,61,61.12,1,36,7,25,10,39,17,34,11,0,0
"Marc Staal","MARC.STAAL","08-09","NYR","D","L",1987-01-13,21,60,76.32,1.27,40.46,18,24,19,49,31,31,24,1,1
"Marc Staal","MARC.STAAL","09-10","NYR","D","L",1987-01-13,22,56,78.1,1.39,50.02,18,40,21,31,26,49,29,0,2
"Marc Staal","MARC.STAAL","10-11","NYR","D","L",1987-01-13,23,46,57.53,1.25,42.85,6,26,16,38,13,32,31,3,2
"Marco Scandella","MARCO.SCANDELLA","11-12","MIN","D","L",1990-02-23,21,46,54.82,1.19,36.08,10,13,21,46,18,16,26,1,0
"Marco Scandella","MARCO.SCANDELLA","13-14","MIN","D","L",1990-02-23,23,49,51.68,1.05,34.33,3,9,12,54,6,13,21,1,1
"Marcus Johansson","MARCUS.JOHANSSON","13-14","WSH","C","L",1990-10-06,22,60,56.05,0.93,32.41,16,21,19,33,21,22,20,0,0
"Marek Zidlicky","MAREK.ZIDLICKY","07-08","NSH","D","R",1977-02-03,30,57,55.98,0.98,37.88,14,26,6,35,24,32,14,1,2
"Marek Zidlicky","MAREK.ZIDLICKY","08-09","MIN","D","R",1977-02-03,31,49,50.4,1.03,40.7,19,16,10,35,27,22,15,0,0
"Marek Zidlicky","MAREK.ZIDLICKY","09-10","MIN","D","R",1977-02-03,32,50,62.82,1.26,43.32,8,29,14,48,17,32,26,1,0
"Marek Zidlicky","MAREK.ZIDLICKY","13-14","N.J","D","R",1977-02-03,36,50,59.77,1.2,45.32,14,18,4,51,25,29,14,1,2
"Marian Gaborik","MARIAN.GABORIK","07-08","MIN","R","L",1982-02-14,25,60,71.4,1.19,45.03,15,31,17,47,22,36,24,2,2
"Marian Gaborik","MARIAN.GABORIK","09-10","NYR","R","L",1982-02-14,27,51,60.22,1.18,44.67,28,29,6,25,32,31,10,0,1
"Marian Gaborik","MARIAN.GABORIK","11-12","NYR","R","L",1982-02-14,29,53,61.37,1.16,39.7,18,37,6,26,25,41,9,3,2
"Mark Eaton","MARK.EATON","08-09","PIT","D","L",1977-05-06,31,52,53.13,1.02,33.44,7,18,22,30,14,22,28,0,1
"Mark Eaton","MARK.EATON","09-10","PIT","D","L",1977-05-06,32,55,55.12,1,31.93,17,18,20,27,27,28,27,1,4
"Mark Fayne","MARK.FAYNE","11-12","N.J","D","R",1987-05-15,24,47,51.73,1.1,37.57,16,17,10,31,24,21,17,0,2
"Mark Giordano","MARK.GIORDANO","10-11","CGY","D","L",1983-10-03,26,52,60.95,1.17,42.75,8,17,11,64,25,21,19,0,1
"Mark Giordano","MARK.GIORDANO","14-15","CGY","D","L",1983-10-03,30,32,50.4,1.57,48.33,6,20,7,28,17,26,15,2,2
"Mark Scheifele","MARK.SCHEIFELE","14-15","WPG","C","R",1993-03-15,21,55,59.35,1.08,37.58,20,10,18,39,27,18,29,2,2
"Mark Streit","MARK.STREIT","08-09","NYI","D","L",1977-12-11,30,48,53.8,1.12,45.52,18,19,12,24,27,24,19,1,0
"Mark Streit","MARK.STREIT","09-10","NYI","D","L",1977-12-11,31,48,77.37,1.61,46.96,17,28,12,44,26,36,28,2,0
"Mark Streit","MARK.STREIT","11-12","NYI","D","L",1977-12-11,33,55,53.37,0.97,38.46,11,13,12,39,27,18,24,1,1
"Mark Streit","MARK.STREIT","13-14","PHI","D","L",1977-12-11,35,52,69.88,1.34,47.93,22,8,16,46,39,13,26,0,2
"Mark Streit","MARK.STREIT","14-15","PHI","D","L",1977-12-11,36,48,65.88,1.37,44.28,16,20,14,43,36,27,17,2,2
"Markus Naslund","MARKUS.NASLUND","07-08","VAN","L","L",1973-07-30,34,60,50.72,0.85,25.51,8,18,7,52,13,20,13,0,2
"Martin Hanzal","MARTIN.HANZAL","09-10","ARI","C","L",1987-02-20,22,57,65.22,1.14,35.68,12,23,23,34,22,28,29,0,2
"Martin Havlat","MARTIN.HAVLAT","08-09","CHI","R","L",1981-04-19,27,51,50.02,0.98,38.06,20,10,13,33,24,20,23,0,1
"Martin Havlat","MARTIN.HAVLAT","10-11","MIN","R","L",1981-04-19,29,47,52.93,1.13,38.58,25,17,8,24,32,19,12,0,1
"Martin Skoula","MARTIN.SKOULA","07-08","MIN","D","L",1979-10-28,27,62,65.12,1.05,40.39,10,16,12,63,19,21,15,2,2
"Martin St  Louis","MARTIN.ST. LOUIS","07-08","T.B","R","L",1975-06-18,32,52,55.07,1.06,46.72,12,29,10,19,17,36,21,1,3
"Martin St  Louis","MARTIN.ST. LOUIS","08-09","T.B","R","L",1975-06-18,33,59,65.8,1.12,37.68,14,29,9,50,22,34,24,1,0
"Martin St  Louis","MARTIN.ST. LOUIS","09-10","T.B","R","L",1975-06-18,34,58,76.82,1.32,44.66,27,27,15,50,36,37,19,0,1
"Martin St  Louis","MARTIN.ST. LOUIS","10-11","T.B","R","L",1975-06-18,35,56,61.37,1.1,35.32,14,13,13,43,24,20,30,2,0
"Mathieu Schneider","MATHIEU.SCHNEIDER","07-08","ANA","D","L",1969-06-12,38,49,55.35,1.13,39.17,12,16,10,36,19,25,16,0,1
"Matt Carle","MATT.CARLE","08-09","PHI","D","L",1984-09-25,23,51,73.33,1.44,53.82,21,12,18,42,29,26,34,0,1
"Matt Carle","MATT.CARLE","09-10","PHI","D","L",1984-09-25,24,57,86.83,1.52,53.97,18,20,24,51,28,34,45,1,1
"Matt Carle","MATT.CARLE","10-11","PHI","D","L",1984-09-25,25,53,68.23,1.29,51.39,15,13,10,50,28,27,24,0,1
"Matt Carle","MATT.CARLE","11-12","PHI","D","L",1984-09-25,26,59,86.55,1.47,49.48,18,21,16,46,34,32,32,1,3
"Matt Carle","MATT.CARLE","13-14","T.B","D","L",1984-09-25,28,53,74.6,1.41,49.61,17,22,18,36,32,26,36,2,3
"Matt Cullen","MATT.CULLEN","11-12","MIN","C","L",1976-11-02,34,49,61.73,1.26,37.04,15,26,19,38,23,29,24,1,1
"Matt Duchene","MATT.DUCHENE","09-10","COL","C","L",1991-01-16,18,52,51.3,0.99,37.17,14,18,12,38,18,26,15,0,1
"Matt Duchene","MATT.DUCHENE","14-15","COL","C","L",1991-01-16,23,53,58.33,1.1,39.25,14,24,17,27,21,28,22,0,0
"Matt Greene","MATT.GREENE","08-09","L.A","D","R",1983-05-13,25,58,51.83,0.89,30.67,15,16,14,35,24,20,17,0,1
"Matt Hunwick","MATT.HUNWICK","09-10","BOS","D","L",1985-05-21,24,52,55,1.06,34.41,13,14,13,44,20,21,20,1,0
"Matt Niskanen","MATT.NISKANEN","08-09","DAL","D","R",1986-12-06,21,57,56.67,0.99,35.87,17,14,14,45,27,18,18,0,0
"Matt Niskanen","MATT.NISKANEN","11-12","PIT","D","R",1986-12-06,24,48,50,1.04,36.77,16,14,8,30,27,20,12,0,1
"Matt Niskanen","MATT.NISKANEN","13-14","PIT","D","R",1986-12-06,26,50,66.52,1.33,43.86,13,19,16,36,27,29,25,1,3
"Matt Niskanen","MATT.NISKANEN","14-15","WSH","D","R",1986-12-06,27,58,82.38,1.42,45.99,7,20,19,46,26,27,32,3,4
"Matthew Lombardi","MATTHEW.LOMBARDI","09-10","ARI","C","L",1982-03-18,27,55,53.27,0.97,30.35,14,15,11,40,19,17,14,0,2
"Mattias Ekholm","MATTIAS.EKHOLM","14-15","NSH","D","L",1990-05-24,24,46,50.57,1.1,37.01,13,8,13,30,22,11,17,1,4
"Mattias Ohlund","MATTIAS.OHLUND","07-08","VAN","D","L",1976-09-09,31,37,55.2,1.49,42.13,14,19,12,32,23,23,20,0,1
"Mattias Ohlund","MATTIAS.OHLUND","08-09","VAN","D","L",1976-09-09,32,56,68.37,1.22,41.6,15,15,29,33,31,20,44,0,2
"Mattias Ohlund","MATTIAS.OHLUND","09-10","T.B","D","L",1976-09-09,33,46,65.42,1.42,43.84,16,29,17,42,23,33,25,0,0
"Max Pacioretty","MAX.PACIORETTY","14-15","MTL","L","L",1988-11-20,25,55,60.05,1.09,36.28,18,31,9,25,23,39,14,3,1
"Michal Rozsival","MICHAL.ROZSIVAL","07-08","NYR","D","R",1978-09-03,29,60,70.28,1.17,42.89,8,33,9,39,20,48,14,2,0
"Michal Rozsival","MICHAL.ROZSIVAL","08-09","NYR","D","R",1978-09-03,30,55,63.52,1.15,38.57,14,18,14,48,22,25,21,2,1
"Michal Rozsival","MICHAL.ROZSIVAL","09-10","NYR","D","R",1978-09-03,31,56,67,1.2,42.91,17,28,12,43,28,34,17,0,1
"Mika Zibanejad","MIKA.ZIBANEJAD","14-15","OTT","C","R",1993-04-18,21,52,54.77,1.05,30.7,16,18,10,37,21,20,18,1,1
"Mike Cammalleri","MIKE.CAMMALLERI","09-10","MTL","L","L",1982-06-08,27,45,52.6,1.17,41.33,14,15,15,32,20,25,19,0,1
"Mike Commodore","MIKE.COMMODORE","08-09","CBJ","D","R",1979-11-07,28,58,64.67,1.12,35.75,12,24,22,47,21,39,33,1,0
"Mike Fisher","MIKE.FISHER","07-08","OTT","C","R",1980-06-05,27,55,55.23,1,38.13,9,23,13,27,16,26,22,0,1
"Mike Fisher","MIKE.FISHER","09-10","OTT","C","R",1980-06-05,29,54,57.15,1.06,39.9,19,24,17,16,24,30,25,1,1
"Mike Green","MIKE.GREEN","07-08","WSH","D","R",1985-10-12,21,55,63.68,1.16,49.09,9,28,6,41,19,40,12,0,1
"Mike Green","MIKE.GREEN","08-09","WSH","D","R",1985-10-12,22,51,77.65,1.52,54.89,19,22,13,40,38,35,21,0,1
"Mike Green","MIKE.GREEN","09-10","WSH","D","R",1985-10-12,23,53,76.85,1.45,48.45,6,21,8,41,24,29,22,2,1
"Mike Green","MIKE.GREEN","13-14","WSH","D","R",1985-10-12,27,52,64.38,1.24,40.38,18,18,9,32,32,26,21,0,1
"Mike Green","MIKE.GREEN","14-15","WSH","D","R",1985-10-12,28,52,55.82,1.07,36.86,7,13,5,44,17,14,14,2,2
"Mike Komisarek","MIKE.KOMISAREK","07-08","MTL","D","R",1982-01-19,25,51,56.9,1.12,37.87,11,29,13,25,16,40,21,3,0
"Mike Lundin","MIKE.LUNDIN","10-11","T.B","D","L",1984-09-24,25,47,68.47,1.46,47.29,10,27,25,41,24,30,35,1,0
"Mike Mottau","MIKE.MOTTAU","08-09","N.J","D","L",1978-03-19,30,54,55.42,1.03,36.46,12,13,15,38,18,21,21,1,1
"Mike Mottau","MIKE.MOTTAU","09-10","N.J","D","L",1978-03-19,31,45,60.98,1.36,46.48,8,21,23,45,16,26,27,0,1
"Mike Ribeiro","MIKE.RIBEIRO","08-09","DAL","C","L",1980-02-10,28,58,56.95,0.98,34.13,17,18,10,27,29,21,17,1,1
"Mike Ribeiro","MIKE.RIBEIRO","10-11","DAL","C","L",1980-02-10,30,46,53.8,1.17,35.75,13,18,7,34,17,21,15,1,1
"Mike Ribeiro","MIKE.RIBEIRO","11-12","DAL","C","L",1980-02-10,31,52,52.63,1.01,39.94,15,15,10,32,19,17,11,0,0
"Mike Richards","MIKE.RICHARDS","07-08","PHI","C","L",1985-02-11,22,59,53.15,0.9,33.04,8,25,19,23,15,32,29,0,1
"Mike Richards","MIKE.RICHARDS","08-09","PHI","C","L",1985-02-11,23,63,82.77,1.31,43.46,19,21,37,37,28,29,47,1,1
"Mike Richards","MIKE.RICHARDS","09-10","PHI","C","L",1985-02-11,24,59,69.97,1.19,40.72,20,22,18,28,26,28,35,1,1
"Mikko Koivu","MIKKO.KOIVU","08-09","MIN","C","L",1983-03-12,25,48,50.62,1.05,39.83,14,18,17,32,22,23,23,0,0
"Mikko Koivu","MIKKO.KOIVU","09-10","MIN","C","L",1983-03-12,26,51,53.85,1.06,35.25,11,22,17,28,14,26,30,1,0
"Morgan Rielly","MORGAN.RIELLY","14-15","TOR","D","L",1994-03-09,20,47,57.93,1.23,40.29,21,17,7,33,38,23,17,4,3
"Nazem Kadri","NAZEM.KADRI","13-14","TOR","C","L",1990-10-06,22,51,52.12,1.02,33.88,16,13,10,29,22,16,15,1,0
"Nick Leddy","NICK.LEDDY","11-12","CHI","D","L",1991-03-20,20,45,64.93,1.44,44.79,17,13,12,51,25,19,19,0,0
"Nick Leddy","NICK.LEDDY","14-15","NYI","D","L",1991-03-20,23,45,54.38,1.21,37.39,15,11,8,32,25,20,15,1,0
"Nick Schultz","NICK.SCHULTZ","07-08","MIN","D","L",1982-08-25,25,62,63.88,1.03,39.68,2,31,23,44,4,40,29,1,1
"Nick Schultz","NICK.SCHULTZ","09-10","MIN","D","L",1982-08-25,27,52,67.47,1.3,43.05,12,24,21,50,26,31,29,5,0
"Nick Schultz","NICK.SCHULTZ","10-11","MIN","D","L",1982-08-25,28,45,55.65,1.24,41.32,15,20,16,37,26,33,20,1,0
"Nicklas Backstrom","NICKLAS.BACKSTROM","08-09","WSH","C","L",1987-11-23,20,61,55.78,0.91,35.57,17,22,8,28,29,32,18,0,2
"Nicklas Backstrom","NICKLAS.BACKSTROM","09-10","WSH","C","L",1987-11-23,21,57,60.68,1.06,36.73,13,15,8,33,23,20,21,2,0
"Nicklas Backstrom","NICKLAS.BACKSTROM","13-14","WSH","C","L",1987-11-23,25,61,60.9,1,34.23,12,34,14,29,15,39,22,2,2
"Nicklas Backstrom","NICKLAS.BACKSTROM","14-15","WSH","C","L",1987-11-23,26,58,69.75,1.2,38.94,14,38,9,22,28,43,21,2,3
"Nicklas Lidstrom","NICKLAS.LIDSTROM","07-08","DET","D","L",1970-04-28,37,56,72.78,1.3,53.9,12,40,11,29,33,59,16,1,2
"Nicklas Lidstrom","NICKLAS.LIDSTROM","08-09","DET","D","L",1970-04-28,38,48,62.12,1.29,45.97,8,25,14,41,26,34,29,0,1
"Nicklas Lidstrom","NICKLAS.LIDSTROM","09-10","DET","D","L",1970-04-28,39,55,87.75,1.6,52.8,17,33,23,48,37,44,39,1,1
"Nicklas Lidstrom","NICKLAS.LIDSTROM","10-11","DET","D","L",1970-04-28,40,49,56.28,1.15,43.82,17,22,11,35,28,27,20,1,0
"Nicklas Lidstrom","NICKLAS.LIDSTROM","11-12","DET","D","L",1970-04-28,41,43,57.87,1.35,44.98,15,16,16,33,22,21,24,2,0
"Niclas Havelid","NICLAS.HAVELID","07-08","ATL","D","L",1973-04-12,34,56,82.48,1.47,51.93,6,33,22,37,18,50,37,1,2
"Niklas Hjalmarsson","NIKLAS.HJALMARSSON","09-10","CHI","D","L",1987-06-06,22,58,52.73,0.91,31.54,18,17,18,35,31,22,22,1,1
"Niklas Hjalmarsson","NIKLAS.HJALMARSSON","13-14","CHI","D","L",1987-06-06,26,55,50.4,0.92,36.71,10,18,9,45,23,24,15,3,1
"Niklas Kronwall","NIKLAS.KRONWALL","07-08","DET","D","L",1981-01-12,26,50,52.35,1.05,42.96,11,18,6,35,23,27,9,0,1
"Niklas Kronwall","NIKLAS.KRONWALL","08-09","DET","D","L",1981-01-12,27,49,67.82,1.38,47.64,14,23,11,44,27,29,18,0,1
"Niklas Kronwall","NIKLAS.KRONWALL","11-12","DET","D","L",1981-01-12,30,49,62.1,1.27,43.83,4,20,18,37,13,25,30,2,0
"Niklas Kronwall","NIKLAS.KRONWALL","13-14","DET","D","L",1981-01-12,32,60,69.25,1.15,45.39,12,30,15,41,26,39,21,1,3
"Niklas Kronwall","NIKLAS.KRONWALL","14-15","DET","D","L",1981-01-12,33,53,74.72,1.41,44.21,17,30,18,47,26,35,30,4,1
"Nikolay Zherdev","NIKOLAY.ZHERDEV","07-08","CBJ","R","R",1984-11-05,22,60,55.08,0.92,31.15,12,24,6,46,17,28,13,0,1
"Oliver Ekman-Larsson","OLIVER.EKMAN-LARSSON","11-12","ARI","D","L",1991-07-17,20,48,74.57,1.55,48.1,11,22,15,50,21,30,27,2,3
"Oliver Ekman-Larsson","OLIVER.EKMAN-LARSSON","13-14","ARI","D","L",1991-07-17,22,51,70.05,1.37,44.81,13,28,19,45,23,36,33,1,1
"Oliver Ekman-Larsson","OLIVER.EKMAN-LARSSON","14-15","ARI","D","L",1991-07-17,23,43,62.85,1.46,47.73,21,20,15,25,27,26,26,1,1
"Olli Jokinen","OLLI.JOKINEN","07-08","FLA","C","L",1978-12-05,28,56,59.12,1.06,43.11,12,20,8,38,17,26,17,3,0
"Olli Jokinen","OLLI.JOKINEN","11-12","CGY","C","L",1978-12-05,32,54,64.22,1.19,39.27,25,20,17,24,31,22,28,2,3
"Olli Maatta","OLLI.MAATTA","13-14","PIT","D","L",1994-08-22,19,50,57.25,1.15,37.59,11,12,24,36,24,19,32,2,2
"Oscar Klefbom","OSCAR.KLEFBOM","14-15","EDM","D","L",1993-07-20,21,29,50.5,1.74,50.45,11,14,11,24,17,18,15,3,2
"P.K. Subban","P.K..SUBBAN","11-12","MTL","D","R",1989-05-13,22,53,76.42,1.44,43.38,18,27,21,33,25,33,34,1,0
"P.K. Subban","P.K..SUBBAN","13-14","MTL","D","R",1989-05-13,24,50,71.47,1.43,48.77,16,19,9,40,28,31,20,2,0
"P.K. Subban","P.K..SUBBAN","14-15","MTL","D","R",1989-05-13,25,57,82.28,1.44,47.78,18,33,12,35,33,43,30,6,3
"Patrice Bergeron","PATRICE.BERGERON","14-15","BOS","C","R",1985-07-24,29,52,52.85,1.02,33.8,15,25,12,25,28,30,21,4,1
"Patrick Kane","PATRICK.KANE","07-08","CHI","R","L",1988-11-19,18,68,54.92,0.81,34.18,16,27,8,29,20,38,12,0,1
"Patrick Kane","PATRICK.KANE","09-10","CHI","R","L",1988-11-19,20,61,63.92,1.05,35.65,18,23,3,51,28,28,8,3,0
"Patrick Kane","PATRICK.KANE","11-12","CHI","R","L",1988-11-19,22,45,56.08,1.25,38.68,13,24,8,37,16,30,11,0,1
"Patrick Kane","PATRICK.KANE","14-15","CHI","R","L",1988-11-19,25,36,50.37,1.4,42.64,13,26,4,27,25,30,6,1,2
"Patrick Marleau","PATRICK.MARLEAU","07-08","S.J","C","L",1979-09-15,28,56,62.97,1.12,38.16,21,33,10,30,26,41,16,3,0
"Patrick Marleau","PATRICK.MARLEAU","08-09","S.J","C","L",1979-09-15,29,53,50.48,0.95,32.15,20,17,16,32,26,21,23,1,1
"Patrick Marleau","PATRICK.MARLEAU","09-10","S.J","C","L",1979-09-15,30,55,64.28,1.17,36.57,10,22,23,39,22,26,36,0,1
"Patrick Marleau","PATRICK.MARLEAU","11-12","S.J","C","L",1979-09-15,32,50,50.18,1,32.38,6,18,13,47,11,23,15,0,0
"Patrick Marleau","PATRICK.MARLEAU","13-14","S.J","C","L",1979-09-15,34,50,55.67,1.11,33.8,11,18,18,42,18,22,27,2,2
"Patrick Sharp","PATRICK.SHARP","07-08","CHI","R","R",1981-12-27,25,66,50.87,0.77,33.58,6,23,24,25,10,28,25,0,0
"Patrick Sharp","PATRICK.SHARP","09-10","CHI","R","R",1981-12-27,27,61,55.58,0.91,31,21,10,12,40,31,14,16,0,1
"Patrick Wiercioch","PATRICK.WIERCIOCH","14-15","OTT","D","L",1990-09-12,24,36,53.37,1.48,38.42,14,7,7,45,25,12,12,1,0
"Patrik Berglund","PATRIK.BERGLUND","11-12","STL","C","L",1988-06-02,23,58,58.58,1.01,31.19,22,22,17,41,27,25,22,0,3
"Paul Kariya","PAUL.KARIYA","07-08","STL","L","L",1974-10-16,32,59,57.65,0.98,36.14,11,27,7,37,15,36,12,1,3
"Paul Martin","PAUL.MARTIN","07-08","N.J","D","L",1981-03-05,26,45,60.65,1.35,47.72,4,28,6,30,11,35,14,2,0
"Paul Martin","PAUL.MARTIN","08-09","N.J","D","L",1981-03-05,27,50,60.98,1.22,45.06,15,17,22,27,25,21,28,0,2
"Paul Martin","PAUL.MARTIN","10-11","PIT","D","L",1981-03-05,29,59,86.82,1.47,49.82,18,31,25,39,33,41,41,4,2
"Paul Martin","PAUL.MARTIN","11-12","PIT","D","L",1981-03-05,30,50,62.2,1.24,45.27,17,23,17,29,27,30,25,2,3
"Paul Martin","PAUL.MARTIN","14-15","PIT","D","L",1981-03-05,33,55,73.33,1.33,46.52,15,27,21,43,27,36,25,0,4
"Paul Ranger","PAUL.RANGER","07-08","T.B","D","L",1984-09-12,23,47,53.73,1.14,49.32,4,29,13,18,15,42,25,1,2
"Paul Stastny","PAUL.STASTNY","09-10","COL","C","L",1985-12-27,23,52,52.72,1.01,38.29,13,18,16,33,14,22,29,1,1
"Pavel Datsyuk","PAVEL.DATSYUK","07-08","DET","C","L",1978-07-20,29,61,59.95,0.98,40.05,14,37,10,33,17,45,12,0,0
"Pavel Datsyuk","PAVEL.DATSYUK","08-09","DET","C","L",1978-07-20,30,49,51.2,1.04,36.42,17,16,15,28,27,20,25,0,1
"Pavel Datsyuk","PAVEL.DATSYUK","09-10","DET","C","L",1978-07-20,31,53,63.35,1.2,39.76,17,23,17,32,26,27,26,2,0
"Pavel Datsyuk","PAVEL.DATSYUK","11-12","DET","C","L",1978-07-20,33,45,50.33,1.12,38.67,9,14,15,31,13,16,23,1,0
"Pavel Datsyuk","PAVEL.DATSYUK","14-15","DET","C","L",1978-07-20,36,41,54.37,1.33,41.08,15,21,14,29,18,22,26,4,1
"Pavel Kubina","PAVEL.KUBINA","07-08","TOR","D","R",1977-04-15,30,42,51.88,1.24,41.95,9,23,10,31,17,30,19,2,1
"Pavel Kubina","PAVEL.KUBINA","08-09","TOR","D","R",1977-04-15,31,54,57.48,1.06,36,11,16,11,45,20,21,20,2,1
"Pavel Kubina","PAVEL.KUBINA","09-10","ATL","D","R",1977-04-15,32,51,56.62,1.11,40.01,11,16,13,28,21,20,17,1,0
"Pavol Demitra","PAVOL.DEMITRA","07-08","MIN","R","L",1974-11-29,32,52,60.52,1.16,42.62,11,24,15,36,18,31,26,2,1
"Phil Kessel","PHIL.KESSEL","13-14","TOR","C","R",1987-10-02,25,52,51.97,1,33.35,15,21,11,24,21,25,24,0,0
"Phil Kessel","PHIL.KESSEL","14-15","TOR","C","R",1987-10-02,26,48,55.07,1.15,37.82,22,18,7,21,30,22,17,2,1
"R.J. Umberger","R.J..UMBERGER","07-08","PHI","C","L",1982-05-03,25,61,56.22,0.92,30.5,21,24,14,36,25,29,19,0,0
"R.J. Umberger","R.J..UMBERGER","08-09","CBJ","C","L",1982-05-03,26,59,50.63,0.86,27.75,13,23,21,28,14,25,23,1,0
"R.J. Umberger","R.J..UMBERGER","10-11","CBJ","C","L",1982-05-03,28,61,53.72,0.88,28.13,18,19,15,35,24,27,25,3,0
"Radek Martinek","RADEK.MARTINEK","07-08","NYI","D","R",1976-08-31,31,44,50.4,1.15,45.01,9,22,14,12,16,26,20,1,0
"Radim Vrbata","RADIM.VRBATA","07-08","ARI","R","R",1981-06-13,26,53,53.58,1.01,34.36,15,27,10,35,23,34,14,0,1
"Radim Vrbata","RADIM.VRBATA","09-10","ARI","R","R",1981-06-13,28,58,53.8,0.93,29.18,12,22,18,30,20,28,22,0,2
"Randy Jones","RANDY.JONES","07-08","PHI","D","L",1981-07-23,26,58,70.42,1.21,39.08,16,30,17,46,21,40,26,0,1
"Ray Whitney","RAY.WHITNEY","08-09","CAR","L","R",1972-05-08,36,55,50.3,0.91,34,10,12,10,44,15,21,16,0,0
"Ray Whitney","RAY.WHITNEY","09-10","CAR","L","R",1972-05-08,37,51,55.7,1.09,38.91,22,26,14,30,29,30,21,1,1
"Rich Peverley","RICH.PEVERLEY","09-10","ATL","C","R",1982-07-08,27,55,58.37,1.06,38.08,10,19,21,26,16,21,26,0,0
"Rick Nash","RICK.NASH","07-08","CBJ","L","L",1984-06-16,23,60,57.42,0.96,32.47,18,35,16,33,23,44,18,0,0
"Rick Nash","RICK.NASH","08-09","CBJ","L","L",1984-06-16,24,58,65.03,1.12,36.04,21,28,16,43,27,35,20,0,1
"Rick Nash","RICK.NASH","10-11","CBJ","L","L",1984-06-16,26,56,66.33,1.18,37.52,27,21,5,39,33,26,13,1,0
"Rick Nash","RICK.NASH","11-12","CBJ","L","L",1984-06-16,27,52,51,0.98,37,19,16,12,32,26,21,19,2,1
"Rob Blake","ROB.BLAKE","08-09","S.J","D","R",1969-12-10,38,52,64.65,1.24,42.87,18,24,11,37,37,31,27,1,2
"Rob Blake","ROB.BLAKE","09-10","S.J","D","R",1969-12-10,39,46,54.42,1.18,37.45,12,21,19,33,18,26,25,1,0
"Rob Niedermayer","ROB.NIEDERMAYER","07-08","ANA","C","L",1974-12-28,32,61,62.03,1.02,32.07,10,40,15,31,15,48,20,0,1
"Rob Scuderi","ROB.SCUDERI","08-09","PIT","D","L",1978-12-30,29,60,56.25,0.94,30.73,7,18,16,47,13,21,23,1,1
"Rob Scuderi","ROB.SCUDERI","11-12","L.A","D","L",1978-12-30,32,54,63.88,1.18,37.32,8,28,23,37,16,30,30,2,2
"Robyn Regehr","ROBYN.REGEHR","07-08","CGY","D","L",1980-04-19,27,58,52.63,0.91,36.98,12,24,15,33,18,32,22,1,0
"Robyn Regehr","ROBYN.REGEHR","08-09","CGY","D","L",1980-04-19,28,50,55.23,1.1,44.67,12,16,18,35,20,23,25,0,1
"Robyn Regehr","ROBYN.REGEHR","09-10","CGY","D","L",1980-04-19,29,44,57.7,1.31,45.98,16,15,20,33,21,27,28,0,0
"Robyn Regehr","ROBYN.REGEHR","10-11","CGY","D","L",1980-04-19,30,50,61.55,1.23,44.74,5,28,14,55,22,32,19,1,1
"Roman Hamrlik","ROMAN.HAMRLIK","07-08","MTL","D","L",1974-04-12,33,53,78.75,1.49,47.35,12,29,16,38,25,41,21,3,0
"Roman Hamrlik","ROMAN.HAMRLIK","08-09","MTL","D","L",1974-04-12,34,58,63.4,1.09,35.72,8,14,18,45,18,21,23,0,2
"Roman Hamrlik","ROMAN.HAMRLIK","09-10","MTL","D","L",1974-04-12,35,53,68.98,1.3,44.89,12,19,16,45,27,26,23,0,0
"Roman Hamrlik","ROMAN.HAMRLIK","10-11","MTL","D","L",1974-04-12,36,50,59.83,1.2,46.23,10,17,18,24,18,26,27,0,1
"Roman Josi","ROMAN.JOSI","14-15","NSH","D","L",1990-06-01,24,46,76.88,1.67,55.08,15,26,17,28,41,40,30,1,3
"Roman Polak","ROMAN.POLAK","09-10","STL","D","R",1986-04-28,23,58,58.63,1.01,34.55,10,23,23,33,14,29,33,1,0
"Ron Hainsey","RON.HAINSEY","07-08","CBJ","D","L",1981-03-24,26,57,71.88,1.26,43.35,17,34,11,46,30,43,23,1,0
"Ron Hainsey","RON.HAINSEY","08-09","ATL","D","L",1981-03-24,27,53,60.78,1.15,39.05,19,13,11,41,28,22,22,4,0
"Ron Hainsey","RON.HAINSEY","09-10","ATL","D","L",1981-03-24,28,53,68.6,1.29,45.6,10,26,24,25,20,33,32,0,0
"Ron Hainsey","RON.HAINSEY","10-11","ATL","D","L",1981-03-24,29,60,53,0.88,33.93,16,12,13,36,25,21,21,1,1
"Ron Hainsey","RON.HAINSEY","13-14","CAR","D","L",1981-03-24,32,56,53.83,0.96,40.01,11,9,20,38,25,15,26,1,0
"Ron Hainsey","RON.HAINSEY","14-15","CAR","D","L",1981-03-24,33,44,63.2,1.44,45.31,9,8,16,46,22,13,25,3,2
"Rostislav Klesla","ROSTISLAV.KLESLA","07-08","CBJ","D","L",1982-03-21,25,60,78.43,1.31,44.35,11,35,16,58,20,55,29,1,1
"Ruslan Salei","RUSLAN.SALEI","07-08","FLA","D","L",1974-11-02,32,44,50.2,1.14,45.38,11,22,10,23,17,24,14,3,0
"Ryan Getzlaf","RYAN.GETZLAF","07-08","ANA","C","R",1985-05-10,22,60,58.68,0.98,31.39,19,19,10,36,30,25,14,0,1
"Ryan Getzlaf","RYAN.GETZLAF","09-10","ANA","C","R",1985-05-10,24,42,54.23,1.29,40.21,13,18,12,28,16,25,18,2,0
"Ryan Getzlaf","RYAN.GETZLAF","13-14","ANA","C","R",1985-05-10,28,52,50.17,0.96,36.38,13,19,12,23,18,24,22,2,0
"Ryan Kesler","RYAN.KESLER","07-08","VAN","C","R",1984-08-31,23,58,53.5,0.92,27.2,12,14,17,40,17,16,25,1,0
"Ryan Kesler","RYAN.KESLER","11-12","VAN","C","R",1984-08-31,27,56,57.33,1.02,31.31,24,19,13,30,28,22,23,0,0
"Ryan Kesler","RYAN.KESLER","13-14","VAN","C","R",1984-08-31,29,53,53.37,1.01,33.35,21,18,7,33,26,22,12,0,1
"Ryan Kesler","RYAN.KESLER","14-15","ANA","C","R",1984-08-31,30,51,54.62,1.07,37.81,13,19,18,25,19,23,28,4,2
"Ryan McDonagh","RYAN.MCDONAGH","11-12","NYR","D","L",1989-06-13,22,53,79.85,1.51,51.66,10,30,24,40,24,40,37,3,4
"Ryan McDonagh","RYAN.MCDONAGH","13-14","NYR","D","L",1989-06-13,24,52,53.3,1.02,41.88,15,22,17,21,31,27,27,0,2
"Ryan Nugent-Hopkins","RYAN.NUGENT-HOPKINS","13-14","EDM","C","L",1993-04-12,20,56,60.53,1.08,42.4,20,34,15,22,28,42,19,1,1
"Ryan O'Reilly","RYAN.O'REILLY","11-12","COL","C","L",1991-02-07,20,46,54.32,1.18,39.1,16,13,22,33,21,18,32,0,1
"Ryan O'Reilly","RYAN.O'REILLY","14-15","COL","C","L",1991-02-07,23,53,50.93,0.96,34.27,12,21,16,27,19,26,21,0,1
"Ryan Strome","RYAN.STROME","14-15","NYI","C","R",1993-07-11,21,46,54.2,1.18,36.88,16,19,13,19,21,23,17,1,0
"Ryan Suter","RYAN.SUTER","07-08","NSH","D","L",1985-01-21,22,55,52.15,0.95,36.97,6,25,12,23,15,34,18,1,0
"Ryan Suter","RYAN.SUTER","08-09","NSH","D","L",1985-01-21,23,51,65.27,1.28,47.25,19,16,11,42,28,23,16,0,1
"Ryan Suter","RYAN.SUTER","09-10","NSH","D","L",1985-01-21,24,55,61.93,1.13,44.58,9,19,13,38,28,24,20,2,1
"Ryan Suter","RYAN.SUTER","10-11","NSH","D","L",1985-01-21,25,46,53.63,1.17,47.56,10,19,13,30,15,24,23,0,2
"Ryan Suter","RYAN.SUTER","11-12","NSH","D","L",1985-01-21,26,46,66.47,1.45,51.22,16,24,8,28,30,31,18,2,2
"Ryan Suter","RYAN.SUTER","13-14","MIN","D","L",1985-01-21,28,53,97.23,1.83,61.03,15,38,16,38,29,48,28,3,1
"Ryan Suter","RYAN.SUTER","14-15","MIN","D","L",1985-01-21,29,44,75.1,1.71,58.14,14,30,14,31,35,38,28,4,4
"Ryan Whitney","RYAN.WHITNEY","07-08","PIT","D","L",1983-02-19,24,49,53.82,1.1,38.95,9,19,9,32,15,24,20,2,0
"Ryan Whitney","RYAN.WHITNEY","09-10","ANA","D","L",1983-02-19,26,36,55.4,1.54,51.58,10,18,13,30,20,27,21,2,0
"Sami Salo","SAMI.SALO","07-08","VAN","D","R",1974-09-02,33,49,70.2,1.43,42,19,30,16,33,28,44,25,1,1
"Sami Salo","SAMI.SALO","09-10","VAN","D","R",1974-09-02,35,43,52.8,1.23,39.89,17,19,12,25,35,26,17,0,2
"Sami Salo","SAMI.SALO","11-12","VAN","D","R",1974-09-02,37,50,51.97,1.04,30.7,21,28,5,34,31,35,11,1,2
"Scott Gomez","SCOTT.GOMEZ","07-08","NYR","C","L",1979-12-23,27,61,60.02,0.98,36.3,11,35,4,37,14,48,7,0,0
"Scott Gomez","SCOTT.GOMEZ","08-09","NYR","C","L",1979-12-23,28,57,67.85,1.19,38.9,28,29,16,35,34,33,23,3,1
"Scott Gomez","SCOTT.GOMEZ","09-10","MTL","C","L",1979-12-23,29,55,59.53,1.08,38.43,13,24,15,35,21,31,21,1,1
"Scott Gomez","SCOTT.GOMEZ","10-11","MTL","C","L",1979-12-23,30,52,52.92,1.02,38.66,17,10,11,27,26,13,21,0,1
"Scott Hannan","SCOTT.HANNAN","07-08","COL","D","L",1979-01-23,28,51,50.82,1,41.58,13,20,6,44,17,30,7,0,1
"Scott Hannan","SCOTT.HANNAN","08-09","COL","D","L",1979-01-23,29,51,51.03,1,37.99,6,17,20,31,11,22,26,2,0
"Scott Hannan","SCOTT.HANNAN","11-12","CGY","D","L",1979-01-23,32,50,51.98,1.04,32.53,6,19,12,43,16,24,17,1,2
"Scott Niedermayer","SCOTT.NIEDERMAYER","07-08","ANA","D","L",1973-08-31,34,35,57.28,1.64,51.92,7,23,8,22,18,34,10,0,1
"Scott Niedermayer","SCOTT.NIEDERMAYER","08-09","ANA","D","L",1973-08-31,35,48,71.25,1.48,51.95,17,17,12,37,29,23,30,1,1
"Scott Niedermayer","SCOTT.NIEDERMAYER","09-10","ANA","D","L",1973-08-31,36,49,72.38,1.48,46.81,13,24,18,32,25,33,31,2,1
"Sean Couturier","SEAN.COUTURIER","14-15","PHI","C","L",1992-12-07,21,49,52.37,1.07,34.5,11,18,19,26,13,21,22,1,0
"Sean Monahan","SEAN.MONAHAN","14-15","CGY","C","L",1994-10-12,19,44,55.42,1.26,39.61,18,19,14,26,25,22,23,2,3
"Sean O'Donnell","SEAN.O'DONNELL","08-09","L.A","D","L",1971-10-13,36,58,59.37,1.02,35.13,18,27,22,33,28,33,24,0,2
"Sergei Gonchar","SERGEI.GONCHAR","07-08","PIT","D","L",1974-04-13,33,50,70.17,1.4,47.66,10,18,6,48,26,31,15,0,0
"Sergei Gonchar","SERGEI.GONCHAR","09-10","PIT","D","L",1974-04-13,35,43,51.95,1.21,40.25,20,23,6,26,30,33,12,0,1
"Shane Doan","SHANE.DOAN","07-08","ARI","R","R",1976-10-10,30,56,61.95,1.11,37.39,13,29,8,40,23,37,15,1,1
"Shane Doan","SHANE.DOAN","09-10","ARI","R","R",1976-10-10,32,58,67.22,1.16,36.45,19,15,14,41,30,19,21,1,3
"Shaone Morrisonn","SHAONE.MORRISONN","07-08","WSH","D","L",1982-12-23,24,51,51.62,1.01,42.64,4,26,12,35,14,34,16,0,0
"Shawn Horcoff","SHAWN.HORCOFF","09-10","EDM","C","L",1978-09-17,30,52,54.65,1.05,37.09,12,21,20,31,17,25,29,0,1
"Shea Weber","SHEA.WEBER","08-09","NSH","D","R",1985-08-14,23,51,60.65,1.19,43.9,19,16,8,37,26,22,16,0,1
"Shea Weber","SHEA.WEBER","09-10","NSH","D","R",1985-08-14,24,53,59.62,1.12,44.18,14,21,13,39,28,23,19,1,2
"Shea Weber","SHEA.WEBER","10-11","NSH","D","R",1985-08-14,25,55,64.37,1.17,46.66,16,24,16,30,23,30,27,0,1
"Shea Weber","SHEA.WEBER","11-12","NSH","D","R",1985-08-14,26,44,55.88,1.27,46.62,12,22,9,31,28,28,18,2,1
"Shea Weber","SHEA.WEBER","13-14","NSH","D","R",1985-08-14,28,40,52.88,1.32,50.52,11,18,11,33,22,22,23,0,2
"Shea Weber","SHEA.WEBER","14-15","NSH","D","R",1985-08-14,29,44,70.12,1.59,53.74,11,29,13,27,30,40,24,1,3
"Sheldon Souray","SHELDON.SOURAY","08-09","EDM","D","L",1976-07-13,32,51,55.17,1.08,41.8,9,14,14,44,22,23,26,0,0
"Sidney Crosby","SIDNEY.CROSBY","08-09","PIT","C","L",1987-08-07,21,57,58.42,1.02,32.69,20,27,5,30,24,32,15,1,1
"Sidney Crosby","SIDNEY.CROSBY","09-10","PIT","C","L",1987-08-07,22,56,82.23,1.47,47.35,29,35,12,22,45,38,20,0,3
"Sidney Crosby","SIDNEY.CROSBY","13-14","PIT","C","L",1987-08-07,26,49,62.53,1.28,42.45,19,23,15,21,23,35,34,2,0
"Sidney Crosby","SIDNEY.CROSBY","14-15","PIT","C","L",1987-08-07,27,58,63.73,1.1,38.6,16,27,8,41,26,37,15,0,4
"Simon Gagne","SIMON.GAGNE","08-09","PHI","L","L",1980-02-29,28,63,61.72,0.98,34.52,15,18,22,33,22,24,29,1,0
"Slava Voynov","SLAVA.VOYNOV","13-14","L.A","D","R",1990-01-15,23,55,53.63,0.98,36.57,13,18,15,44,17,26,23,2,1
"Stephane Robidas","STEPHANE.ROBIDAS","08-09","DAL","D","R",1977-03-03,31,50,63.88,1.28,44.31,13,26,12,35,25,29,20,1,1
"Stephane Robidas","STEPHANE.ROBIDAS","09-10","DAL","D","R",1977-03-03,32,51,70.3,1.38,44.61,14,22,18,54,24,29,32,0,1
"Stephane Robidas","STEPHANE.ROBIDAS","10-11","DAL","D","R",1977-03-03,33,45,68.48,1.52,46.14,6,26,23,48,18,33,34,1,0
"Stephane Robidas","STEPHANE.ROBIDAS","11-12","DAL","D","R",1977-03-03,34,55,56.2,1.02,37.79,14,16,13,39,26,21,26,3,1
"Stephen Weiss","STEPHEN.WEISS","09-10","FLA","C","L",1983-04-03,26,52,58.97,1.13,39.22,15,26,12,32,26,30,22,1,2
"Stephen Weiss","STEPHEN.WEISS","11-12","FLA","C","L",1983-04-03,28,48,57.13,1.19,37.18,12,24,6,36,14,25,16,1,1
"Steve Staios","STEVE.STAIOS","07-08","EDM","D","R",1973-07-28,34,56,79.17,1.41,44.71,7,27,28,41,14,37,39,3,0
"Steven Stamkos","STEVEN.STAMKOS","09-10","T.B","C","R",1990-02-07,19,58,66.12,1.14,38.44,20,24,16,45,21,33,24,0,0
"Steven Stamkos","STEVEN.STAMKOS","10-11","T.B","C","R",1990-02-07,20,56,58.77,1.05,33.82,18,17,14,37,26,25,28,2,0
"Steven Stamkos","STEVEN.STAMKOS","11-12","T.B","C","R",1990-02-07,21,52,53.77,1.03,39.55,18,18,11,24,25,20,16,3,2
"Steven Stamkos","STEVEN.STAMKOS","14-15","T.B","C","R",1990-02-07,24,50,53.57,1.07,40.02,14,14,11,32,19,18,24,1,2
"T.J. Oshie","T.J..OSHIE","11-12","STL","C","R",1986-12-23,24,57,53.92,0.95,29.1,19,17,16,44,21,21,24,2,1
"Taylor Hall","TAYLOR.HALL","13-14","EDM","L","L",1991-11-14,21,52,57.8,1.11,42.98,25,24,16,30,32,32,27,0,2
"Thomas Hickey","THOMAS.HICKEY","13-14","NYI","D","L",1989-02-08,24,51,57.73,1.13,34.82,14,20,10,48,20,25,15,0,2
"Thomas Vanek","THOMAS.VANEK","10-11","BUF","L","R",1984-01-19,26,59,52.75,0.89,33.65,7,17,7,38,12,21,13,4,1
"Tim Connolly","TIM.CONNOLLY","09-10","BUF","C","R",1981-05-07,28,53,53,1,32.97,15,21,10,35,18,22,13,1,0
"Tim Gleason","TIM.GLEASON","10-11","CAR","D","L",1983-01-29,27,59,62.07,1.05,38.06,7,25,21,39,11,30,28,1,0
"Tj Brodie","TJ.BRODIE","13-14","CGY","D","L",1990-06-07,23,48,71.27,1.48,51.38,20,24,17,42,33,30,29,1,0
"Tj Brodie","TJ.BRODIE","14-15","CGY","D","L",1990-06-07,24,44,65.82,1.5,47.04,9,23,14,37,22,30,25,2,2
"Tobias Enstrom","TOBIAS.ENSTROM","07-08","ATL","D","L",1984-11-05,22,56,77.62,1.39,48.87,8,33,20,33,17,45,37,1,1
"Tobias Enstrom","TOBIAS.ENSTROM","08-09","ATL","D","L",1984-11-05,23,54,74.75,1.38,47.5,14,30,17,34,37,33,29,3,1
"Tobias Enstrom","TOBIAS.ENSTROM","09-10","ATL","D","L",1984-11-05,24,55,69.78,1.27,45.53,21,16,18,39,33,21,25,1,0
"Tobias Enstrom","TOBIAS.ENSTROM","10-11","ATL","D","L",1984-11-05,25,54,66.52,1.23,46.27,20,17,12,42,31,22,22,0,1
"Tobias Enstrom","TOBIAS.ENSTROM","11-12","WPG","D","L",1984-11-05,26,39,52.47,1.35,51.16,9,18,10,21,22,23,19,1,0
"Tobias Enstrom","TOBIAS.ENSTROM","13-14","WPG","D","L",1984-11-05,28,57,89.82,1.58,51.55,21,37,19,41,39,46,36,3,3
"Tobias Enstrom","TOBIAS.ENSTROM","14-15","WPG","D","L",1984-11-05,29,42,64.3,1.53,50.47,20,23,11,30,34,34,21,3,5
"Todd Marchant","TODD.MARCHANT","07-08","ANA","C","L",1973-08-12,34,60,50.85,0.85,26.9,23,14,19,26,26,22,20,0,0
"Tom Gilbert","TOM.GILBERT","07-08","EDM","D","R",1983-01-10,24,56,82.77,1.48,46.74,6,33,20,50,17,45,34,3,1
"Tom Gilbert","TOM.GILBERT","08-09","EDM","D","R",1983-01-10,25,52,64.92,1.25,47.82,14,22,17,34,26,27,25,0,0
"Tom Gilbert","TOM.GILBERT","09-10","EDM","D","R",1983-01-10,26,55,63.38,1.15,39.88,8,25,26,29,16,33,35,2,1
"Tom Gilbert","TOM.GILBERT","10-11","EDM","D","R",1983-01-10,27,54,59.1,1.09,45.49,9,27,18,39,14,38,23,0,0
"Tom Gilbert","TOM.GILBERT","13-14","FLA","D","R",1983-01-10,30,42,58.77,1.4,46.63,15,20,14,24,26,28,21,1,0
"Tom Poti","TOM.POTI","07-08","WSH","D","L",1977-03-22,30,48,54.75,1.14,47.98,8,22,14,36,15,27,21,1,2
"Tomas Kaberle","TOMAS.KABERLE","07-08","TOR","D","L",1978-03-02,29,48,65.55,1.37,48.46,10,23,9,35,24,36,19,1,1
"Tomas Kaberle","TOMAS.KABERLE","09-10","TOR","D","L",1978-03-02,31,55,58.32,1.06,38.5,20,15,10,43,28,18,15,1,0
"Tomas Plekanec","TOMAS.PLEKANEC","07-08","MTL","C","L",1982-10-31,24,56,61.75,1.1,35.31,19,24,13,22,21,35,23,2,0
"Tomas Plekanec","TOMAS.PLEKANEC","08-09","MTL","C","L",1982-10-31,25,59,62.27,1.06,34.97,16,13,20,32,30,18,33,2,0
"Tomas Plekanec","TOMAS.PLEKANEC","09-10","MTL","C","L",1982-10-31,26,58,62.77,1.08,37.72,16,21,20,40,25,29,31,0,2
"Tomas Plekanec","TOMAS.PLEKANEC","11-12","MTL","C","L",1982-10-31,28,53,74,1.4,42,17,30,22,35,32,37,40,2,1
"Tomas Plekanec","TOMAS.PLEKANEC","13-14","MTL","C","L",1982-10-31,30,50,55.98,1.12,38.2,12,30,16,25,19,35,18,1,2
"Tomas Plekanec","TOMAS.PLEKANEC","14-15","MTL","C","L",1982-10-31,31,57,55.77,0.98,32.38,10,20,22,29,16,25,28,2,2
"Toni Lydman","TONI.LYDMAN","07-08","BUF","D","L",1977-09-25,29,55,76.27,1.39,44.65,11,42,20,41,20,58,29,0,1
"Toni Lydman","TONI.LYDMAN","08-09","BUF","D","L",1977-09-25,30,64,80.2,1.25,44.79,11,27,23,54,27,35,35,1,1
"Toni Lydman","TONI.LYDMAN","10-11","ANA","D","L",1977-09-25,32,44,58.58,1.33,44.35,10,24,19,30,19,34,22,0,1
"Torey Krug","TOREY.KRUG","14-15","BOS","D","L",1991-04-12,23,50,66.93,1.34,44.15,16,16,10,39,26,25,23,4,2
"Torey Krug","TOREY.KRUG","16-17","BOS","D","L",1991-04-12,25,44,50.28,1.14,54.06,18,14,7,20,31,24,16,3,0
"Travis Hamonic","TRAVIS.HAMONIC","10-11","NYI","D","R",1990-08-16,20,45,55.85,1.24,42.27,8,18,16,29,17,27,20,0,1
"Travis Hamonic","TRAVIS.HAMONIC","11-12","NYI","D","R",1990-08-16,21,49,57.53,1.17,47.18,7,27,20,21,17,29,30,5,0
"Travis Hamonic","TRAVIS.HAMONIC","13-14","NYI","D","R",1990-08-16,23,43,67.08,1.56,49.05,12,19,21,32,24,25,29,2,3
"Travis Zajac","TRAVIS.ZAJAC","09-10","N.J","C","R",1985-05-13,24,47,52.27,1.11,38.77,11,18,21,33,16,24,26,1,0
"Trevor Daley","TREVOR.DALEY","07-08","DAL","D","L",1983-10-09,23,53,52.82,1,40.56,8,17,12,31,10,28,18,0,0
"Trevor Daley","TREVOR.DALEY","08-09","DAL","D","L",1983-10-09,24,53,66.13,1.25,44.15,16,20,19,32,30,23,28,0,1
"Trevor Daley","TREVOR.DALEY","09-10","DAL","D","L",1983-10-09,25,50,80.28,1.61,51.35,11,23,18,55,23,29,28,1,0
"Trevor Daley","TREVOR.DALEY","10-11","DAL","D","L",1983-10-09,26,46,79.03,1.72,52.52,12,15,14,60,23,24,19,0,2
"Trevor Daley","TREVOR.DALEY","11-12","DAL","D","L",1983-10-09,27,57,62.13,1.09,39.14,16,12,15,35,33,14,26,0,2
"Tyler Bozak","TYLER.BOZAK","14-15","TOR","C","R",1986-03-19,28,48,56.67,1.18,38.92,22,18,14,18,34,21,25,2,1
"Tyler Myers","TYLER.MYERS","09-10","BUF","D","R",1990-02-01,19,57,77.23,1.35,45.27,12,29,14,41,30,34,24,2,1
"Tyler Myers","TYLER.MYERS","10-11","BUF","D","R",1990-02-01,20,59,69.82,1.18,44.78,11,27,11,44,23,32,22,5,1
"Tyler Seguin","TYLER.SEGUIN","13-14","DAL","C","R",1992-01-31,21,53,57.78,1.09,38.82,13,25,13,28,20,27,22,0,0
"Tyson Barrie","TYSON.BARRIE","14-15","COL","D","R",1991-07-26,23,53,62.02,1.17,41.73,22,8,16,35,31,14,26,1,2
"Valtteri Filppula","VALTTERI.FILPPULA","07-08","DET","C","L",1984-03-20,23,57,54.8,0.96,38.58,15,30,8,27,23,36,10,0,2
"Victor Hedman","VICTOR.HEDMAN","09-10","T.B","D","L",1990-12-18,18,51,63.57,1.25,41.9,12,18,21,36,25,27,34,1,1
"Victor Hedman","VICTOR.HEDMAN","10-11","T.B","D","L",1990-12-18,19,55,78.55,1.43,45.53,16,20,27,49,27,31,40,4,0
"Victor Hedman","VICTOR.HEDMAN","13-14","T.B","D","L",1990-12-18,22,47,58.85,1.25,45.22,11,19,14,36,19,26,24,1,2
"Vincent Lecavalier","VINCENT.LECAVALIER","07-08","T.B","C","L",1980-04-21,27,52,52.25,1,44.32,12,33,9,16,19,38,16,0,3
"Vincent Lecavalier","VINCENT.LECAVALIER","08-09","T.B","C","L",1980-04-21,28,55,65.48,1.19,38.16,20,27,12,44,24,36,25,1,0
"Vincent Lecavalier","VINCENT.LECAVALIER","09-10","T.B","C","L",1980-04-21,29,58,70.28,1.21,40.86,35,28,7,37,42,33,8,0,0
"Vinny Prospal","VINNY.PROSPAL","09-10","NYR","C/L","L",1975-02-17,34,52,54.48,1.05,38.27,24,25,7,33,30,26,12,1,1
"Vyacheslav Kozlov","VYACHESLAV.KOZLOV","08-09","ATL","L","L",1972-05-03,36,54,52.32,0.97,33.24,14,24,8,22,19,30,16,2,0
"Wade Redden","WADE.REDDEN","07-08","OTT","D","L",1977-06-12,30,55,61,1.11,44.23,19,18,10,31,30,30,17,1,0
"Wade Redden","WADE.REDDEN","08-09","NYR","D","L",1977-06-12,31,60,72.13,1.2,38.24,24,19,19,51,41,23,25,1,1
"Willie Mitchell","WILLIE.MITCHELL","07-08","VAN","D","L",1977-04-23,30,54,77.2,1.43,45.3,8,33,24,39,20,44,38,2,3
"Willie Mitchell","WILLIE.MITCHELL","08-09","VAN","D","L",1977-04-23,31,56,63.88,1.14,38.86,6,25,23,37,18,31,29,0,3
"Willie Mitchell","WILLIE.MITCHELL","11-12","L.A","D","L",1977-04-23,34,50,77.08,1.54,46.69,22,17,23,45,28,23,31,4,0
"Willie Mitchell","WILLIE.MITCHELL","13-14","L.A","D","L",1977-04-23,36,51,52.82,1.04,39.74,7,18,17,36,16,25,24,2,1
"Willie Mitchell","WILLIE.MITCHELL","14-15","FLA","D","L",1977-04-23,37,41,56.32,1.37,37.62,5,23,19,29,11,31,26,2,0
"Zach Bogosian","ZACH.BOGOSIAN","09-10","ATL","D","R",1990-07-15,19,54,70.97,1.31,47.87,14,23,25,25,24,24,32,0,0
"Zach Bogosian","ZACH.BOGOSIAN","10-11","ATL","D","R",1990-07-15,20,52,57.1,1.1,45.99,15,15,13,25,24,26,20,1,0
"Zach Bogosian","ZACH.BOGOSIAN","13-14","WPG","D","R",1990-07-15,23,40,61.73,1.54,50.36,13,20,17,26,19,23,26,1,1
"Zach Parise","ZACH.PARISE","08-09","N.J","L","L",1984-07-28,24,56,60.1,1.07,38.66,15,21,9,37,21,27,11,0,2
"Zach Parise","ZACH.PARISE","09-10","N.J","L","L",1984-07-28,25,46,52.77,1.15,40.32,12,20,14,29,15,27,21,0,1
"Zach Parise","ZACH.PARISE","11-12","N.J","L","L",1984-07-28,27,47,50.28,1.07,36.51,10,14,7,38,12,18,9,0,0
"Zach Parise","ZACH.PARISE","13-14","MIN","L","L",1984-07-28,29,45,58.93,1.31,41.85,11,25,7,34,16,30,13,2,0
"Zach Parise","ZACH.PARISE","14-15","MIN","L","L",1984-07-28,30,43,51.4,1.2,41.37,19,20,14,18,27,26,21,2,2
"Zbynek Michalek","ZBYNEK.MICHALEK","07-08","ARI","D","R",1982-12-23,24,52,71.48,1.37,44.64,14,20,18,48,24,31,28,1,1
"Zbynek Michalek","ZBYNEK.MICHALEK","08-09","ARI","D","R",1982-12-23,25,49,57.78,1.18,47.63,6,17,25,34,13,24,36,3,1
"Zbynek Michalek","ZBYNEK.MICHALEK","09-10","ARI","D","R",1982-12-23,26,52,83.52,1.61,46.82,13,28,17,58,23,38,34,2,3
"Zbynek Michalek","ZBYNEK.MICHALEK","10-11","PIT","D","R",1982-12-23,27,56,51.78,0.92,29.92,9,16,17,34,12,18,22,0,0
"Zbynek Michalek","ZBYNEK.MICHALEK","13-14","ARI","D","R",1982-12-23,30,36,50.62,1.41,44.29,7,20,17,36,16,26,26,2,1
"Zdeno Chara","ZDENO.CHARA","07-08","BOS","D","L",1977-03-18,30,44,61.72,1.4,42.13,7,18,10,40,19,32,21,1,1
"Zdeno Chara","ZDENO.CHARA","08-09","BOS","D","L",1977-03-18,31,50,58.17,1.16,46.52,13,18,12,28,37,29,20,0,2
"Zdeno Chara","ZDENO.CHARA","09-10","BOS","D","L",1977-03-18,32,55,67.68,1.23,41.68,21,15,20,33,37,21,33,1,1
"Zdeno Chara","ZDENO.CHARA","11-12","BOS","D","L",1977-03-18,34,48,54.2,1.13,42.6,10,19,14,28,32,23,22,0,3
